"ID";"Model";"Lot_ID";"Serial_Number";"Current_Station";"Receiving_Time";"Assembly_Time";"Burn_In_Start";"Burn_In_End";"Packing_Time";"Shipping_Time";"Burn_In_Result";"Firmware_Update_Time";"Repair_Time";"Is_Received";"Is_Assembly_Done";"Is_Firmware_Updated";"Is_Burn_In_Processing";"Is_Burn_In_Done";"Is_Packing_Done";"Is_Shipping_Done";"Is_Repaired_Done";"Is_ReWork";"Is_Passed";"Symptoms_Fail";"Re_Work_Count";"Re_Work_Start"
1;"SMC-P04W R17";111819;"30N004000130";"Repair Station";"2019-11-18 13:51:06";"2019-11-18 13:51:16";"2019-11-18 13:53:53";"2019-11-18 13:54:15";"";"";"Unrepairable";"2019-11-18 13:51:21";"2019-10-29 15:02:34";1;1;1;1;1;0;0;1;0;0;"Fan Noise";0;""
2;"SMC-P04W R17";111819;"30N004000357";"Result Station";"2019-11-18 13:57:48";"2019-11-18 15:38:17";"2019-11-18 16:30:12";"2019-11-19 16:31:07";"";"";"PASS";"2019-11-18 15:39:07";"";1;1;1;1;1;0;0;0;0;1;"No Trouble Found.";1;"2019-11-18 15:36:35"
3;"SMC-P04W R17";111819;"30N004000208";"Result Station";"2019-11-18 13:57:53";"2019-11-18 15:38:13";"2019-11-18 16:30:12";"2019-11-19 16:31:11";"";"";"PASS";"2019-11-18 15:39:10";"";1;1;1;1;1;0;0;0;0;1;"No Trouble Found.";1;"2019-11-18 15:36:39"
4;"SMC-P04W R17";111819;"30N004000037";"Result Station";"2019-11-18 13:57:59";"2019-11-18 15:38:13";"2019-11-18 16:30:12";"2019-11-19 16:31:11";"";"";"PASS";"2019-11-18 15:39:11";"";1;1;1;1;1;0;0;0;0;1;"No Trouble Found.";1;"2019-11-18 15:36:40"
5;"SMC-P04W R17";111819;"30N004000014";"Result Station";"2019-11-18 13:58:04";"2019-11-18 15:38:14";"2019-11-18 16:30:12";"2019-11-19 16:31:10";"";"";"PASS";"2019-11-18 15:39:10";"";1;1;1;1;1;0;0;0;0;1;"No Trouble Found.";1;"2019-11-18 15:36:38"
6;"SMC-P04W R17";111819;"30N004000145";"Result Station";"2019-11-18 13:59:00";"2019-11-18 15:38:16";"2019-11-18 16:30:12";"2019-11-19 16:31:09";"";"";"PASS";"2019-11-18 15:39:08";"";1;1;1;1;1;0;0;0;0;1;"No Trouble Found.";1;"2019-11-18 15:36:36"
7;"SMC-P04W R17";111819;"30N004000355";"Result Station";"2019-11-18 13:59:11";"2019-11-18 15:38:15";"2019-11-18 16:30:12";"2019-11-19 16:31:09";"";"";"PASS";"2019-11-18 15:39:08";"";1;1;1;1;1;0;0;0;0;1;"No Trouble Found.";1;"2019-11-18 15:36:36"
8;"SMC-P04W R17";111819;"30N004000308";"Result Station";"2019-11-18 13:59:16";"2019-11-18 15:38:15";"2019-11-18 16:30:12";"2019-11-19 16:31:10";"";"";"PASS";"2019-11-18 15:39:09";"";1;1;1;1;1;0;0;0;0;1;"No Trouble Found.";1;"2019-11-18 15:36:37"
9;"SMC-P04W R17";111819;"30N004000361";"Result Station";"2019-11-18 13:59:23";"2019-11-18 15:38:16";"2019-11-18 16:30:12";"2019-11-19 16:31:08";"";"";"PASS";"2019-11-18 15:39:07";"";1;1;1;1;1;0;0;0;0;1;"No Trouble Found.";1;"2019-11-18 15:36:35"
10;"SMC-P04W R17";102419;"30N004000039";"Result Station";"2019-10-24 08:21:16";"2019-11-26 10:07:41";"2019-11-26 11:52:21";"2019-12-02 08:42:16";"";"";"PASS";"2019-11-26 10:09:20";"";1;1;1;0;1;0;0;0;0;1;"No Trouble Found.";1;"2019-11-26 10:04:48"
11;"SMC-P04W R17";102419;"30N004000200";"Shipping Station";"2019-10-24 08:21:46";"2019-11-22 14:06:55";"2019-11-25 08:50:30";"2019-11-26 11:57:18";"2019-12-04 11:41:52";"2019-12-04 14:30:53";"PASS";"2019-11-22 14:11:04";"";1;1;1;1;1;1;1;0;0;1;"No Trouble Found.";1;"2019-11-22 14:06:41"
12;"SMC-P04W R17";102419;"30N004000139";"Result Station";"2019-10-24 08:21:55";"2019-11-21 13:15:53";"2019-11-26 11:52:21";"2019-12-02 08:42:54";"";"";"PASS";"2019-11-21 13:16:30";"";1;1;1;0;1;0;0;0;0;1;"No Trouble Found.";1;"2019-11-21 13:15:24"
13;"SMC-P04W R17";102419;"30N004000064";"Result Station";"2019-10-24 08:22:27";"2019-10-24 08:26:29";"2019-10-24 11:50:48";"2019-10-25 13:13:35";"";"";"PASS";"";"";1;1;0;1;1;0;0;0;0;1;"No Trouble Found.";0;""
14;"SMC-P04W R17";102419;"30N004000230";"Shipping Station";"2019-10-24 08:22:32";"2019-11-21 13:15:42";"2019-11-25 08:50:30";"2019-11-26 11:57:16";"2019-12-04 11:36:12";"2019-12-04 14:30:53";"PASS";"2019-11-21 13:16:16";"";1;1;1;1;1;1;1;0;0;1;"No Trouble Found.";1;"2019-11-21 13:15:04"
15;"SMC-P04W R17";102419;"30N004000240";"Result Station";"2019-10-24 08:22:36";"2019-10-24 08:27:00";"2019-10-24 11:50:48";"2019-10-25 13:13:27";"";"";"PASS";"";"";1;1;0;1;1;0;0;0;0;1;"No Trouble Found.";0;""
16;"SMC-P04W R17";102419;"30N004000140";"Result Station";"2019-10-24 08:22:40";"2019-11-21 13:15:55";"2019-11-26 11:52:21";"2019-12-02 08:43:02";"";"";"PASS";"2019-11-21 13:16:31";"";1;1;1;0;1;0;0;0;0;1;"No Trouble Found.";1;"2019-11-21 13:15:26"
17;"SMC-P04W R17";102419;"30N004000199";"Result Station";"2019-10-24 08:22:47";"2019-10-24 08:27:24";"2019-10-24 11:50:48";"2019-10-25 13:13:29";"";"";"PASS";"";"";1;1;0;1;1;0;0;0;0;1;"No Trouble Found.";0;""
18;"SMC-P04W R17";102419;"30N004000083";"Result Station";"2019-10-24 08:22:51";"2019-10-24 08:27:38";"2019-10-24 11:50:48";"2019-10-25 13:13:30";"";"";"PASS";"";"";1;1;0;1;1;0;0;0;0;1;"No Trouble Found.";0;""
19;"SMC-P04W R17";102419;"30N004000000";"Result Station";"2019-10-24 08:22:55";"2019-10-24 08:27:42";"2019-10-24 11:50:48";"2019-10-25 13:13:31";"";"";"PASS";"";"";1;1;0;1;1;0;0;0;0;1;"No Trouble Found.";0;""
20;"SMC-P04W R17";102419;"30N004000189";"Result Station";"2019-10-24 08:23:00";"2019-11-21 13:15:51";"2019-11-26 11:52:21";"2019-12-02 08:42:28";"";"";"PASS";"2019-11-21 13:16:29";"";1;1;1;0;1;0;0;0;0;1;"No Trouble Found.";1;"2019-11-21 13:15:22"
21;"SMC-P04W R17";102419;"30N004000128";"Result Station";"2019-10-24 08:23:05";"2019-11-21 13:15:58";"2019-11-26 11:52:21";"2019-12-02 08:42:48";"";"";"PASS";"2019-11-21 13:16:35";"";1;1;1;0;1;0;0;0;0;1;"No Trouble Found.";1;"2019-11-21 13:15:29"
22;"SMC-P04W R17";102419;"30N004000198";"Result Station";"2019-10-24 08:23:09";"2019-11-21 13:15:48";"2019-11-25 08:50:30";"2019-11-26 11:57:38";"";"";"PASS";"2019-11-21 13:16:25";"";1;1;1;1;1;0;0;0;0;1;"No Trouble Found.";1;"2019-11-21 13:15:19"
23;"SMC-P04W R17";102419;"30N004000395";"Packing Station";"2019-10-24 08:23:14";"2019-11-21 13:15:46";"2019-11-25 08:50:30";"2019-11-26 11:57:30";"2019-12-05 13:21:54";"";"PASS";"2019-11-21 13:16:23";"";1;1;1;1;1;1;0;0;0;1;"No Trouble Found.";1;"2019-11-21 13:15:14"
24;"SMC-P04W R17";102419;"30N004000338";"Result Station";"2019-10-24 08:23:17";"2019-10-24 08:28:30";"2019-10-24 11:50:48";"2019-10-25 13:12:18";"";"";"PASS";"";"";1;1;0;1;1;0;0;0;0;1;"No Trouble Found.";0;""
25;"SMC-P04W R17";102419;"30N004000116";"Result Station";"2019-10-24 08:23:22";"2019-11-22 09:03:18";"2019-11-26 11:52:21";"2019-12-02 08:42:34";"";"";"PASS";"2019-11-22 14:04:51";"";1;1;1;0;1;0;0;0;0;1;"No Trouble Found.";1;"2019-11-21 13:18:36"
26;"SMC-P04W R17";102419;"30N004000319";"Packing Station";"2019-10-24 08:23:25";"2019-11-26 10:08:47";"2019-11-26 11:52:21";"2019-12-02 08:41:15";"2019-12-05 13:22:10";"";"PASS";"2019-11-26 10:26:18";"";1;1;1;0;1;1;0;0;0;1;"No Trouble Found.";1;"2019-11-26 10:05:48"
27;"SMC-P04W R17";102419;"30N004000013";"Result Station";"2019-10-24 08:23:29";"2019-11-21 13:15:56";"2019-11-26 11:52:21";"2019-12-02 08:43:38";"";"";"PASS";"2019-11-21 13:16:33";"";1;1;1;0;1;0;0;0;0;1;"No Trouble Found.";1;"2019-11-21 13:15:27"
28;"SMC-P04W R17";102419;"30N004000110";"Packing Station";"2019-10-24 08:23:34";"2019-11-22 09:02:59";"2019-11-25 08:50:30";"2019-11-26 11:55:13";"2019-12-05 11:31:58";"";"PASS";"2019-11-22 14:04:33";"";1;1;1;1;1;1;0;0;0;1;"No Trouble Found.";1;"2019-11-21 13:18:10"
29;"SMC-P04W R17";102419;"30N004000325";"Packing Station";"2019-10-24 08:23:38";"2019-11-22 09:02:04";"2019-11-25 08:50:30";"2019-11-26 11:57:28";"2019-12-05 13:21:55";"";"PASS";"2019-11-22 11:03:51";"";1;1;1;1;1;1;0;0;0;1;"No Trouble Found.";1;"2019-11-21 13:17:41"
30;"SMC-P04W R17";102419;"30N004000126";"Repair Station";"2019-10-24 08:23:42";"2019-10-24 08:28:54";"2019-10-24 11:50:48";"2019-10-25 13:01:20";"";"";"Unrepairable";"";"2019-10-25 13:02:24";1;1;0;1;1;0;0;1;0;0;"No LEDs On / No Power";0;""
31;"SMC-P04W R17";102419;"30N004000313";"Packing Station";"2019-10-24 08:23:46";"2019-11-21 13:15:45";"2019-11-25 08:50:30";"2019-11-26 11:57:04";"2019-12-05 13:20:39";"";"PASS";"2019-11-21 13:16:22";"";1;1;1;1;1;1;0;0;0;1;"No Trouble Found.";1;"2019-11-21 13:15:08"
32;"SMC-P04W R17";102419;"30N004000239";"Result Station";"2019-10-24 08:23:53";"2019-11-22 09:03:33";"2019-11-26 11:52:21";"2019-12-02 08:41:14";"";"";"PASS";"2019-11-22 14:04:56";"";1;1;1;0;1;0;0;0;0;1;"No Trouble Found.";1;"2019-11-21 13:18:40"
33;"SMC-P04W R17";102419;"30N004000078";"Result Station";"2019-10-24 08:23:57";"2019-10-24 08:29:06";"2019-10-24 11:50:48";"2019-10-25 13:13:06";"";"";"PASS";"";"";1;1;0;1;1;0;0;0;0;1;"No Trouble Found.";0;""
34;"SMC-P04W R17";102419;"30N004000118";"Result Station";"2019-10-24 08:24:01";"2019-11-26 10:08:15";"2019-11-26 11:52:21";"2019-12-02 08:42:37";"";"";"PASS";"2019-11-26 10:25:44";"";1;1;1;0;1;0;0;0;0;1;"No Trouble Found.";1;"2019-11-26 10:05:15"
35;"SMC-P04W R17";102419;"30N004000236";"Result Station";"2019-10-24 08:24:05";"2019-10-24 08:29:13";"2019-10-24 11:50:48";"2019-10-25 13:13:17";"";"";"PASS";"";"";1;1;0;1;1;0;0;0;0;1;"No Trouble Found.";0;""
36;"SMC-P04W R17";102419;"30N004000346";"Shipping Station";"2019-10-24 08:24:12";"2019-11-22 09:02:55";"2019-11-25 08:50:30";"2019-11-26 11:56:58";"2019-12-04 11:25:53";"2019-12-04 14:30:53";"PASS";"2019-11-22 11:04:14";"";1;1;1;1;1;1;1;0;0;1;"No Trouble Found.";1;"2019-11-21 13:18:04"
37;"SMC-P04W R17";102419;"30N004000072";"Result Station";"2019-10-24 08:24:17";"2019-10-24 08:29:22";"2019-10-24 11:50:48";"2019-10-25 13:13:20";"";"";"PASS";"";"";1;1;0;1;1;0;0;0;0;1;"No Trouble Found.";0;""
38;"SMC-P04W R17";102419;"30N004000211";"Result Station";"2019-10-24 08:24:22";"2019-11-26 10:08:52";"2019-11-26 11:52:21";"2019-12-02 08:54:10";"";"";"FAIL";"2019-11-26 10:26:22";"";1;1;1;1;1;0;0;0;0;0;"Fail at Burn In Fail (LEDs issue , Green LED flash slowly)";1;"2019-11-26 10:05:52"
39;"SMC-P04W R17";102419;"30N004000081";"Packing Station";"2019-10-24 08:24:25";"2019-11-21 13:15:43";"2019-11-25 08:50:30";"2019-11-26 11:57:13";"2019-12-05 11:08:53";"";"PASS";"2019-11-21 13:16:21";"";1;1;1;1;1;1;0;0;0;1;"No Trouble Found.";1;"2019-11-21 13:15:07"
40;"SMC-P04W R17";102419;"30N004000367";"Packing Station";"2019-10-24 08:24:30";"2019-11-21 13:15:47";"2019-11-25 08:50:30";"2019-11-26 11:56:53";"2019-12-05 11:15:33";"";"PASS";"2019-11-21 13:16:24";"";1;1;1;1;1;1;0;0;0;1;"No Trouble Found.";1;"2019-11-21 13:15:15"
41;"SMC-P04W R17";102419;"30N004000213";"Packing Station";"2019-10-24 08:24:35";"2019-11-21 13:15:45";"2019-11-25 08:50:30";"2019-11-26 11:57:20";"2019-12-05 13:22:00";"";"PASS";"2019-11-21 13:16:22";"";1;1;1;1;1;1;0;0;0;1;"No Trouble Found.";1;"2019-11-21 13:15:09"
42;"SMC-P04W R17";102419;"30N004000188";"Packing Station";"2019-10-24 08:24:39";"2019-11-22 09:02:34";"2019-11-25 08:50:30";"2019-11-26 11:57:25";"2019-12-05 11:15:42";"";"PASS";"2019-11-22 11:03:53";"";1;1;1;1;1;1;0;0;0;1;"No Trouble Found.";1;"2019-11-21 13:17:43"
43;"SMC-P04W R17";102419;"30N004000334";"Packing Station";"2019-10-24 08:24:44";"2019-11-22 09:02:50";"2019-11-25 08:50:30";"2019-11-26 11:55:07";"2019-12-05 13:22:07";"";"PASS";"2019-11-22 11:04:08";"";1;1;1;1;1;1;0;0;0;1;"No Trouble Found.";1;"2019-11-21 13:17:57"
44;"SMC-P04W R17";102419;"30N004000141";"Packing Station";"2019-10-24 08:24:49";"2019-11-26 10:08:23";"2019-11-26 11:52:21";"2019-12-02 08:42:19";"2019-12-05 13:22:11";"";"PASS";"2019-11-26 10:25:52";"";1;1;1;0;1;1;0;0;0;1;"No Trouble Found.";1;"2019-11-26 10:05:22"
45;"SMC-P04W R17";102419;"30N004000101";"Result Station";"2019-10-24 08:24:54";"2019-11-21 13:15:52";"2019-11-26 11:52:21";"2019-12-02 08:43:22";"";"";"PASS";"2019-11-21 13:16:30";"";1;1;1;0;1;0;0;0;0;1;"No Trouble Found.";1;"2019-11-21 13:15:23"
46;"SMC-P04W R17";102419;"30N004000374";"Result Station";"2019-10-24 08:24:59";"2019-11-21 13:15:59";"2019-11-26 11:52:21";"2019-12-02 08:42:46";"";"";"PASS";"2019-11-21 13:16:35";"";1;1;1;0;1;0;0;0;0;1;"No Trouble Found.";1;"2019-11-21 13:15:30"
47;"SMC-P04W R17";102419;"30N004000093";"Packing Station";"2019-10-24 08:25:11";"2019-11-21 13:15:43";"2019-11-25 08:50:30";"2019-11-26 11:57:06";"2019-12-05 11:15:41";"";"PASS";"2019-11-21 13:16:19";"";1;1;1;1;1;1;0;0;0;1;"No Trouble Found.";1;"2019-11-21 13:15:06"
48;"SMC-P04W R17";102419;"30N004000225";"Result Station";"2019-10-24 08:25:15";"2019-10-24 08:30:18";"2019-10-24 11:50:48";"2019-10-25 13:12:26";"";"";"PASS";"";"";1;1;0;1;1;0;0;0;0;1;"No Trouble Found.";0;""
49;"SMC-P04W R17";102419;"30N004000143";"Shipping Station";"2019-10-24 08:25:20";"2019-11-21 13:15:48";"2019-11-25 08:50:30";"2019-11-26 11:57:35";"2019-12-04 11:43:29";"2019-12-04 14:30:53";"PASS";"2019-11-21 13:16:24";"";1;1;1;1;1;1;1;0;0;1;"No Trouble Found.";1;"2019-11-21 13:15:19"
50;"SMC-P04W R17";102419;"30N004000314";"Shipping Station";"2019-10-24 08:25:25";"2019-11-22 09:02:38";"2019-11-25 08:50:30";"2019-11-26 11:57:23";"2019-12-04 11:45:59";"2019-12-04 14:30:53";"PASS";"2019-11-22 11:03:55";"";1;1;1;1;1;1;1;0;0;1;"No Trouble Found.";1;"2019-11-21 13:17:47"
51;"SMC-P04W R17";102419;"30N004000373";"Packing Station";"2019-10-24 08:25:29";"2019-11-22 09:02:57";"2019-11-25 08:50:30";"2019-11-26 11:55:16";"2019-12-05 13:22:08";"";"PASS";"2019-11-22 14:04:31";"";1;1;1;1;1;1;0;0;0;1;"No Trouble Found.";1;"2019-11-21 13:18:06"
52;"SMC-P04W R17";102419;"30N004000020";"Packing Station";"2019-10-24 08:25:34";"2019-11-21 13:15:49";"2019-11-25 08:50:30";"2019-11-26 11:55:06";"2019-12-05 11:31:56";"";"PASS";"2019-11-21 13:16:27";"";1;1;1;1;1;1;0;0;0;1;"No Trouble Found.";1;"2019-11-21 13:15:20"
53;"SMC-P04W R17";102419;"30N004000194";"Result Station";"2019-10-24 08:25:38";"2019-11-26 10:07:46";"2019-11-26 11:52:21";"2019-12-02 08:42:13";"";"";"PASS";"2019-11-26 10:09:55";"";1;1;1;0;1;0;0;0;0;1;"No Trouble Found.";1;"2019-11-26 10:04:52"
54;"SMC-P04W R17";102419;"30N004000402";"Result Station";"2019-10-24 08:25:43";"2019-11-26 10:08:10";"2019-11-26 11:52:21";"2019-12-02 08:42:35";"";"";"PASS";"2019-11-26 10:25:40";"";1;1;1;0;1;0;0;0;0;1;"No Trouble Found.";1;"2019-11-26 10:05:11"
55;"SMC-P04W R17";102419;"30N004000392";"Result Station";"2019-10-24 08:25:48";"2019-10-24 08:31:33";"2019-10-24 11:50:48";"2019-10-25 13:13:03";"";"";"PASS";"";"";1;1;0;1;1;0;0;0;0;1;"No Trouble Found.";0;""
56;"SMC-P04W R17";102419;"30N004000058";"Packing Station";"2019-10-24 08:25:52";"2019-11-22 14:06:56";"2019-11-25 08:50:30";"2019-11-26 11:56:48";"2019-12-05 11:05:26";"";"PASS";"2019-11-22 14:11:05";"";1;1;1;1;1;1;0;0;0;1;"No Trouble Found.";1;"2019-11-22 14:06:42"
57;"SMC-P04W R17";102419;"30N004000306";"Result Station";"2019-10-24 08:25:57";"2019-11-21 13:16:00";"2019-11-26 11:52:21";"2019-12-02 08:43:19";"";"";"PASS";"2019-11-21 13:16:36";"";1;1;1;0;1;0;0;0;0;1;"No Trouble Found.";1;"2019-11-21 13:15:31"
58;"SMC-P04W R17";102419;"30N004000206";"Result Station";"2019-10-24 08:26:02";"2019-11-21 13:15:57";"2019-11-26 11:52:21";"2019-12-02 08:42:46";"";"";"PASS";"2019-11-21 13:16:33";"";1;1;1;0;1;0;0;0;0;1;"No Trouble Found.";1;"2019-11-21 13:15:28"
59;"SMC-P04W R17";102419;"30N004000091";"Result Station";"2019-10-24 08:26:06";"2019-11-21 13:15:50";"2019-11-26 11:52:21";"2019-12-02 08:43:21";"";"";"PASS";"2019-11-21 13:16:28";"";1;1;1;0;1;0;0;0;0;1;"No Trouble Found.";1;"2019-11-21 13:15:22"
60;"SMC-P04W R17";102819;"30N004000125";"Result Station";"2019-10-28 10:44:55";"2019-10-28 10:46:52";"2019-10-28 13:05:46";"2019-10-29 14:56:53";"";"";"PASS";"";"";1;1;0;1;1;0;0;0;0;1;"No Trouble Found.";0;""
61;"SMC-P04W R17";102819;"30N004000378";"Packing Station";"2019-10-28 10:44:57";"2019-11-26 10:08:40";"2019-11-26 11:52:21";"2019-12-02 08:42:01";"2019-12-05 12:11:20";"";"PASS";"2019-11-26 10:26:09";"";1;1;1;0;1;1;0;0;0;1;"No Trouble Found.";1;"2019-11-26 10:05:39"
62;"SMC-P04W R17";102819;"30N004000210";"Result Station";"2019-10-28 10:44:58";"2019-10-28 10:46:53";"2019-10-28 13:05:46";"2019-10-29 14:56:54";"";"";"PASS";"";"";1;1;0;1;1;0;0;0;0;1;"No Trouble Found.";0;""
63;"SMC-P04W R17";102819;"30N004000399";"Packing Station";"2019-10-28 10:45:00";"2019-11-26 10:08:59";"2019-11-26 11:52:21";"2019-12-02 08:41:37";"2019-12-05 12:11:22";"";"PASS";"2019-11-26 10:26:30";"";1;1;1;0;1;1;0;0;0;1;"No Trouble Found.";1;"2019-11-26 10:06:01"
64;"SMC-P04W R17";102819;"30N004000376";"Packing Station";"2019-10-28 10:45:01";"2019-11-22 09:03:06";"2019-11-25 08:50:30";"2019-11-26 11:55:18";"2019-12-05 11:31:59";"";"PASS";"2019-11-22 14:04:36";"";1;1;1;1;1;1;0;0;0;1;"No Trouble Found.";1;"2019-11-21 13:18:12"
65;"SMC-P04W R17";102819;"30N004000228";"Result Station";"2019-10-28 10:45:03";"2019-11-19 13:36:36";"2019-11-20 10:15:34";"2019-11-21 13:09:16";"";"";"PASS";"2019-11-19 15:49:28";"";1;1;1;1;1;0;0;0;0;1;"No Trouble Found.";1;"2019-11-19 13:35:46"
66;"SMC-P04W R17";102819;"30N004000022";"Packing Station";"2019-10-28 10:45:04";"2019-11-26 10:08:27";"2019-11-26 11:52:21";"2019-12-02 08:54:19";"2019-12-05 12:11:18";"";"FAIL";"2019-11-26 10:25:56";"";1;1;1;1;1;1;0;0;0;0;"Fail at Burn In Fail (LEDs issue , Green LED flash slowly)";1;"2019-11-26 10:05:27"
67;"SMC-P04W R17";102819;"30N004000007";"Packing Station";"2019-10-28 10:45:06";"2019-11-26 10:08:32";"2019-11-26 11:52:21";"2019-12-02 08:41:19";"2019-12-05 12:11:19";"";"PASS";"2019-11-26 10:26:01";"";1;1;1;0;1;1;0;0;0;1;"No Trouble Found.";1;"2019-11-26 10:05:31"
68;"SMC-P04W R17";102819;"30N004000003";"Repair Station";"2019-10-28 10:45:07";"2019-10-28 10:46:58";"2019-10-28 13:05:46";"2019-10-29 14:55:02";"";"";"Unrepairable";"";"2019-10-29 15:01:09";1;1;0;1;1;0;0;1;0;0;"No LEDs On / No Power";0;""
69;"SMC-P04W R17";102819;"30N004000084";"Repair Station";"2019-10-28 10:45:08";"2019-10-28 10:46:59";"2019-10-28 13:05:46";"2019-10-29 14:07:47";"";"";"Unrepairable";"";"2019-10-29 15:01:13";1;1;0;1;1;0;0;1;0;0;"LEDs issue , Green LED flash slowly";0;""
70;"SMC-P04W R17";102819;"30N004000106";"Packing Station";"2019-10-28 10:45:15";"2019-10-28 10:47:07";"2019-10-28 13:05:46";"2019-10-29 14:57:11";"2019-10-30 15:29:36";"";"PASS";"";"";1;1;0;1;1;1;0;0;0;1;"No Trouble Found.";0;""
71;"SMC-P04W R17";102819;"30N004000068";"Packing Station";"2019-10-28 10:45:16";"2019-11-22 09:02:39";"2019-11-25 08:50:30";"2019-11-26 11:57:11";"2019-12-05 13:21:56";"";"PASS";"2019-11-22 11:03:57";"";1;1;1;1;1;1;0;0;0;1;"No Trouble Found.";1;"2019-11-21 13:17:48"
72;"SMC-P04W R17";102819;"30N004000066";"Result Station";"2019-10-28 10:45:17";"2019-11-20 09:17:37";"2019-11-20 10:15:34";"2019-11-21 13:08:10";"";"";"PASS";"2019-11-20 09:18:13";"";1;1;1;1;1;0;0;0;0;1;"No Trouble Found.";1;"2019-11-19 16:33:17"
73;"SMC-P04W R17";102819;"30N004000105";"Result Station";"2019-10-28 10:45:18";"2019-11-20 09:17:42";"2019-11-20 10:15:34";"2019-11-21 13:08:26";"";"";"PASS";"2019-11-20 09:18:18";"";1;1;1;1;1;0;0;0;0;1;"No Trouble Found.";1;"2019-11-19 09:34:23"
74;"SMC-P04W R17";102819;"30N004000283";"Result Station";"2019-10-28 10:45:20";"2019-11-22 09:03:16";"2019-11-26 11:52:21";"2019-12-02 08:43:11";"";"";"PASS";"2019-11-22 14:04:48";"";1;1;1;0;1;0;0;0;0;1;"No Trouble Found.";1;"2019-11-21 13:18:35"
75;"SMC-P04W R17";102819;"30N004000317";"Result Station";"2019-10-28 10:45:21";"2019-10-28 10:47:10";"2019-10-28 13:05:46";"2019-10-29 14:57:19";"";"";"PASS";"";"";1;1;0;1;1;0;0;0;0;1;"No Trouble Found.";0;""
76;"SMC-P04W R17";102819;"30N004000152";"Result Station";"2019-10-28 10:45:22";"2019-11-19 13:36:43";"2019-11-20 10:15:34";"2019-11-21 13:09:11";"";"";"PASS";"2019-11-19 15:49:34";"";1;1;1;1;1;0;0;0;0;1;"No Trouble Found.";1;"2019-11-19 13:35:58"
77;"SMC-P04W R17";102819;"30N004000103";"Packing Station";"2019-10-28 10:45:23";"2019-11-22 09:02:46";"2019-11-25 08:50:30";"2019-11-26 11:55:20";"2019-12-05 11:31:53";"";"PASS";"2019-11-22 11:04:03";"";1;1;1;1;1;1;0;0;0;1;"No Trouble Found.";1;"2019-11-21 13:17:53"
78;"SMC-P04W R17";102819;"30N004000142";"Result Station";"2019-10-28 10:45:24";"2019-10-28 10:47:13";"2019-10-28 13:05:46";"2019-10-29 14:57:21";"";"";"PASS";"";"";1;1;0;1;1;0;0;0;0;1;"No Trouble Found.";0;""
79;"SMC-P04W R17";102819;"30N004000333";"Packing Station";"2019-10-28 10:45:25";"2019-11-26 10:08:43";"2019-11-26 11:52:21";"2019-12-02 08:41:42";"2019-12-05 11:15:44";"";"PASS";"2019-11-26 10:26:13";"";1;1;1;0;1;1;0;0;0;1;"No Trouble Found.";1;"2019-11-26 10:05:44"
80;"SMC-P04W R17";102819;"30N004000191";"Repair Station";"2019-10-28 10:45:30";"2019-10-28 10:47:16";"2019-10-28 13:05:46";"2019-10-29 14:53:20";"";"";"Unrepairable";"";"2019-10-29 15:01:27";1;1;0;1;1;0;0;1;0;0;"LEDs issue , Green LED flash slowly";0;""
81;"SMC-P04W R17";102819;"30N004000121";"Packing Station";"2019-10-28 10:45:31";"2019-11-22 09:03:08";"2019-11-25 08:50:30";"2019-11-26 11:55:19";"2019-12-05 11:14:26";"";"PASS";"2019-11-22 14:04:43";"";1;1;1;1;1;1;0;0;0;1;"No Trouble Found.";1;"2019-11-21 13:18:19"
82;"SMC-P04W R17";102819;"30N004000019";"Result Station";"2019-10-28 10:45:32";"2019-11-26 10:07:51";"2019-11-26 11:52:21";"2019-12-02 08:42:12";"";"";"PASS";"2019-11-26 10:25:18";"";1;1;1;0;1;0;0;0;0;1;"No Trouble Found.";1;"2019-11-26 10:04:55"
83;"SMC-P04W R17";102819;"30N004000377";"Result Station";"2019-10-28 10:45:34";"2019-11-22 09:03:12";"2019-11-26 11:52:21";"2019-12-02 08:43:09";"";"";"PASS";"2019-11-22 14:04:46";"";1;1;1;0;1;0;0;0;0;1;"No Trouble Found.";1;"2019-11-21 13:18:32"
84;"SMC-P04W R17";102819;"30N004000385";"Result Station";"2019-10-28 10:45:35";"2019-10-28 10:47:19";"2019-10-28 13:05:46";"2019-10-29 14:57:32";"";"";"PASS";"";"";1;1;0;1;1;0;0;0;0;1;"No Trouble Found.";0;""
85;"SMC-P04W R17";102819;"30N004000369";"Result Station";"2019-10-28 10:45:36";"2019-11-26 10:08:19";"2019-11-26 11:52:21";"2019-12-02 08:54:17";"";"";"FAIL";"2019-11-26 10:25:48";"";1;1;1;1;1;0;0;0;0;0;"Fail at Burn In Fail (LEDs issue , Green LED flash slowly)";1;"2019-11-26 10:05:18"
86;"SMC-P04W R17";102819;"30N004000375";"Shipping Station";"2019-10-28 10:45:38";"2019-11-22 09:02:45";"2019-11-25 08:50:30";"2019-11-26 11:55:03";"2019-12-04 14:33:35";"2019-12-04 14:40:21";"PASS";"2019-11-22 11:04:01";"";1;1;1;1;1;1;1;0;0;1;"No Trouble Found.";1;"2019-11-21 13:17:52"
87;"SMC-P04W R17";102819;"30N004000002";"Result Station";"2019-10-28 10:45:39";"2019-11-19 13:36:51";"2019-11-20 10:15:34";"2019-11-21 13:09:18";"";"";"PASS";"2019-11-19 15:49:39";"";1;1;1;1;1;0;0;0;0;1;"No Trouble Found.";1;"2019-11-19 13:36:03"
88;"SMC-P04W R17";102819;"30N004000372";"Result Station";"2019-10-28 10:45:40";"2019-11-22 09:03:21";"2019-11-26 11:52:21";"2019-12-02 08:42:31";"";"";"PASS";"2019-11-22 14:04:53";"";1;1;1;0;1;0;0;0;0;1;"No Trouble Found.";1;"2019-11-21 13:18:39"
89;"SMC-P04W R17";102819;"30N004000190";"Result Station";"2019-10-28 10:45:41";"2019-10-28 10:47:22";"2019-10-28 13:05:46";"2019-10-29 14:57:35";"";"";"PASS";"";"";1;1;0;1;1;0;0;0;0;1;"No Trouble Found.";0;""
90;"SMC-P04W R17";102819;"30N004000136";"Result Station";"2019-10-28 10:45:46";"2019-10-28 10:46:21";"2019-10-28 13:05:46";"2019-10-29 14:58:13";"";"";"PASS";"";"";1;1;0;1;1;0;0;0;0;1;"No Trouble Found.";0;""
91;"SMC-P04W R17";102819;"30N004000133";"Result Station";"2019-10-28 10:45:47";"2019-10-28 10:46:26";"2019-10-28 13:05:46";"2019-10-29 14:58:14";"";"";"PASS";"";"";1;1;0;1;1;0;0;0;0;1;"No Trouble Found.";0;""
92;"SMC-P04W R17";102819;"30N004000307";"Result Station";"2019-10-28 10:45:48";"2019-10-28 10:46:26";"2019-10-28 13:05:46";"2019-10-29 14:58:15";"";"";"PASS";"";"";1;1;0;1;1;0;0;0;0;1;"No Trouble Found.";0;""
93;"SMC-P04W R17";102819;"30N004000226";"Packing Station";"2019-10-28 10:45:49";"2019-11-22 09:02:48";"2019-11-25 08:50:30";"2019-11-26 11:56:59";"2019-12-05 11:31:55";"";"PASS";"2019-11-22 11:04:04";"";1;1;1;1;1;1;0;0;0;1;"No Trouble Found.";1;"2019-11-21 13:17:55"
94;"SMC-P04W R17";102819;"30N004000391";"Result Station";"2019-10-28 10:45:50";"2019-11-19 13:36:37";"2019-11-20 10:15:34";"2019-11-21 13:09:16";"";"";"PASS";"2019-11-19 15:49:29";"";1;1;1;1;1;0;0;0;0;1;"No Trouble Found.";1;"2019-11-19 13:35:47"
95;"SMC-P04W R17";102819;"30N004000401";"Result Station";"2019-10-28 10:45:52";"2019-11-19 13:36:52";"2019-11-20 10:15:34";"2019-11-21 13:09:17";"";"";"PASS";"2019-11-19 15:49:40";"";1;1;1;1;1;0;0;0;0;1;"No Trouble Found.";1;"2019-11-19 13:36:05"
96;"SMC-P04W R17";102819;"30N004000234";"Packing Station";"2019-10-28 10:45:53";"2019-11-22 09:02:02";"2019-11-25 08:50:30";"2019-11-26 11:57:32";"2019-12-05 13:19:53";"";"PASS";"2019-11-22 11:03:50";"";1;1;1;1;1;1;0;0;0;1;"No Trouble Found.";1;"2019-11-21 13:17:37"
97;"SMC-P04W R17";102819;"30N004000323";"Packing Station";"2019-10-28 10:45:55";"2019-11-22 09:02:51";"2019-11-25 08:50:30";"2019-11-26 11:55:06";"2019-12-05 13:22:12";"";"PASS";"2019-11-22 11:04:10";"";1;1;1;1;1;1;0;0;0;1;"No Trouble Found.";1;"2019-11-21 13:17:59"
98;"SMC-P04W R17";102819;"30N004000227";"Result Station";"2019-10-28 10:45:56";"2019-11-19 13:36:50";"2019-11-20 10:15:34";"2019-11-21 13:09:19";"";"";"PASS";"2019-11-19 15:49:38";"";1;1;1;1;1;0;0;0;0;1;"No Trouble Found.";1;"2019-11-19 13:36:02"
99;"SMC-P04W R17";102819;"30N004000229";"Result Station";"2019-10-28 10:45:57";"2019-11-26 10:08:00";"2019-11-26 11:52:21";"2019-12-02 08:42:15";"";"";"PASS";"2019-11-26 10:25:27";"";1;1;1;0;1;0;0;0;0;1;"No Trouble Found.";1;"2019-11-26 10:05:03"
100;"SMC-P04W R17";102819;"30N004000067";"Result Station";"2019-10-28 10:46:02";"2019-10-28 10:46:36";"2019-10-28 13:05:46";"2019-10-29 14:58:34";"";"";"PASS";"";"";1;1;0;1;1;0;0;0;0;1;"No Trouble Found.";0;""
101;"SMC-P04W R17";102819;"30N004000080";"Result Station";"2019-10-28 10:46:04";"2019-10-28 10:46:36";"2019-10-28 13:05:46";"2019-10-29 14:58:35";"";"";"PASS";"";"";1;1;0;1;1;0;0;0;0;1;"No Trouble Found.";0;""
102;"SMC-P04W R17";102819;"30N004000238";"Packing Station";"2019-10-28 10:46:05";"2019-11-26 10:08:36";"2019-11-26 11:52:21";"2019-12-02 08:41:25";"2019-12-05 13:22:14";"";"PASS";"2019-11-26 10:26:05";"";1;1;1;0;1;1;0;0;0;1;"No Trouble Found.";1;"2019-11-26 10:05:35"
103;"SMC-P04W R17";102819;"30N004000031";"Result Station";"2019-10-28 10:46:06";"2019-10-28 10:46:37";"2019-10-28 13:05:46";"2019-10-29 14:58:36";"";"";"PASS";"";"";1;1;0;1;1;0;0;0;0;1;"No Trouble Found.";0;""
104;"SMC-P04W R17";102819;"30N004000109";"Result Station";"2019-10-28 10:46:07";"2019-11-26 10:08:05";"2019-11-26 11:52:21";"2019-12-02 08:41:35";"";"";"PASS";"2019-11-26 10:25:35";"";1;1;1;0;1;0;0;0;0;1;"No Trouble Found.";1;"2019-11-26 10:05:07"
105;"SMC-P04W R17";102819;"30N004000335";"Result Station";"2019-10-28 10:46:09";"2019-11-26 10:07:56";"2019-11-26 11:52:21";"2019-12-02 08:41:11";"";"";"PASS";"2019-11-26 10:25:24";"";1;1;1;0;1;0;0;0;0;1;"No Trouble Found.";1;"2019-11-26 10:04:59"
106;"SMC-P04W R17";102819;"30N004000162";"Result Station";"2019-10-28 10:46:10";"2019-11-20 09:17:43";"2019-11-20 10:15:34";"2019-11-21 13:08:25";"";"";"PASS";"2019-11-20 09:18:19";"";1;1;1;1;1;0;0;0;0;1;"No Trouble Found.";1;"2019-11-19 09:34:19"
107;"SMC-P04W R17";102819;"30N004000195";"Result Station";"2019-10-28 10:46:11";"2019-11-19 13:36:42";"2019-11-20 10:15:34";"2019-11-21 13:09:13";"";"";"PASS";"2019-11-19 15:49:33";"";1;1;1;1;1;0;0;0;0;1;"No Trouble Found.";1;"2019-11-19 13:35:57"
108;"SMC-P04W R17";102819;"30N004000343";"Result Station";"2019-10-28 10:46:12";"2019-10-28 10:46:42";"2019-10-28 13:05:46";"2019-10-29 14:58:46";"";"";"PASS";"";"";1;1;0;1;1;0;0;0;0;1;"No Trouble Found.";0;""
109;"SMC-P04W R17";102819;"30N004000330";"Result Station";"2019-10-28 10:46:13";"2019-10-28 10:46:44";"2019-10-28 13:05:46";"2019-10-29 14:58:46";"";"";"PASS";"";"";1;1;0;1;1;0;0;0;0;1;"No Trouble Found.";0;""
110;"SMC-P04W R17";102919;"30N004000282";"Result Station";"2019-10-29 15:36:40";"2019-11-19 13:36:29";"2019-11-20 10:15:34";"2019-11-21 13:09:01";"";"";"PASS";"2019-11-19 15:49:18";"";1;1;1;1;1;0;0;0;0;1;"No Trouble Found.";1;"2019-11-19 13:35:36"
111;"SMC-P04W R17";102919;"30N004000337";"Result Station";"2019-10-29 15:36:41";"2019-11-20 09:17:36";"2019-11-20 10:15:34";"2019-11-21 13:08:11";"";"";"PASS";"2019-11-20 09:18:13";"";1;1;1;1;1;0;0;0;0;1;"No Trouble Found.";1;"2019-11-19 16:33:19"
112;"SMC-P04W R17";102919;"30N004000393";"Shipping Station";"2019-10-29 15:36:42";"2019-11-22 14:06:57";"2019-11-25 08:50:30";"2019-11-26 11:56:42";"2019-12-04 11:32:40";"2019-12-04 14:30:53";"PASS";"2019-11-22 14:11:06";"";1;1;1;1;1;1;1;0;0;1;"No Trouble Found.";1;"2019-11-22 14:06:43"
113;"SMC-P04W R17";102919;"30N004000232";"Shipping Station";"2019-10-29 15:36:43";"2019-11-22 14:06:58";"2019-11-25 08:50:30";"2019-11-26 11:56:39";"2019-12-04 11:27:47";"2019-12-04 14:30:53";"PASS";"2019-11-22 14:11:07";"";1;1;1;1;1;1;1;0;0;1;"No Trouble Found.";1;"2019-11-22 14:06:44"
114;"SMC-P04W R17";102919;"30N004000332";"Result Station";"2019-10-29 15:36:44";"2019-11-19 13:36:32";"2019-11-20 10:15:34";"2019-11-21 13:09:08";"";"";"PASS";"2019-11-19 15:49:22";"";1;1;1;1;1;0;0;0;0;1;"No Trouble Found.";1;"2019-11-19 13:35:42"
115;"SMC-P04W R17";102919;"30N004000316";"Result Station";"2019-10-29 15:36:45";"2019-11-20 09:17:47";"2019-11-20 10:15:34";"2019-11-21 13:08:21";"";"";"PASS";"2019-11-20 09:18:23";"";1;1;1;1;1;0;0;0;0;1;"No Trouble Found.";1;"2019-11-19 09:34:14"
116;"SMC-P04W R17";102919;"30N004000309";"Result Station";"2019-10-29 15:36:46";"2019-11-19 13:36:30";"2019-11-20 10:15:34";"2019-11-21 13:09:00";"";"";"PASS";"2019-11-19 15:49:19";"";1;1;1;1;1;0;0;0;0;1;"No Trouble Found.";1;"2019-11-19 13:35:37"
117;"SMC-P04W R17";102919;"30N004000354";"Result Station";"2019-10-29 15:36:48";"2019-11-20 09:17:45";"2019-11-20 10:15:34";"2019-11-21 13:08:22";"";"";"PASS";"2019-11-20 09:18:22";"";1;1;1;1;1;0;0;0;0;1;"No Trouble Found.";1;"2019-11-19 09:34:16"
118;"SMC-P04W R17";102919;"30N004000111";"Result Station";"2019-10-29 15:36:49";"2019-11-20 09:17:44";"2019-11-20 10:15:34";"2019-11-21 13:08:24";"";"";"PASS";"2019-11-20 09:18:20";"";1;1;1;1;1;0;0;0;0;1;"No Trouble Found.";1;"2019-11-19 09:34:17"
119;"SMC-P04W R17";102919;"30N004000353";"Result Station";"2019-10-29 15:36:50";"2019-11-19 13:36:31";"2019-11-20 10:15:34";"2019-11-21 13:09:10";"";"";"PASS";"2019-11-19 15:49:20";"";1;1;1;1;1;0;0;0;0;1;"No Trouble Found.";1;"2019-11-19 13:35:39"
120;"SMC-P04W R17";102919;"30N004000069";"Result Station";"2019-10-29 15:37:42";"2019-11-20 09:17:52";"2019-11-20 10:15:34";"2019-11-21 13:08:33";"";"";"PASS";"2019-11-20 09:18:29";"";1;1;1;1;1;0;0;0;0;1;"No Trouble Found.";1;"2019-11-19 09:34:29"
121;"SMC-P04W R17";102919;"30N004000396";"Result Station";"2019-10-29 15:37:43";"2019-11-19 13:36:46";"2019-11-20 10:15:34";"2019-11-21 13:09:21";"";"";"PASS";"2019-11-19 15:49:36";"";1;1;1;1;1;0;0;0;0;1;"No Trouble Found.";1;"2019-11-19 13:36:00"
122;"SMC-P04W R17";102919;"30N004000112";"Result Station";"2019-10-29 15:37:44";"2019-10-29 15:39:31";"2019-10-30 09:11:07";"2019-10-31 10:11:07";"";"";"PASS";"";"";1;1;0;1;1;0;0;0;0;1;"No Trouble Found.";0;""
123;"SMC-P04W R17";102919;"30N004000209";"Result Station";"2019-10-29 15:37:45";"2019-11-18 15:38:11";"2019-11-18 16:30:12";"2019-11-19 16:31:00";"";"";"PASS";"2019-11-18 15:39:00";"";1;1;1;1;1;0;0;0;0;1;"No Trouble Found.";1;"2019-11-18 15:36:29"
124;"SMC-P04W R17";102919;"30N004000204";"Result Station";"2019-10-29 15:37:45";"2019-11-20 09:17:52";"2019-11-20 10:15:34";"2019-11-21 13:08:30";"";"";"PASS";"2019-11-20 09:18:31";"";1;1;1;1;1;0;0;0;0;1;"No Trouble Found.";1;"2019-11-19 09:34:27"
125;"SMC-P04W R17";102919;"30N004000305";"Result Station";"2019-10-29 15:37:46";"2019-11-19 13:36:34";"2019-11-20 10:15:34";"2019-11-21 13:09:06";"";"";"PASS";"2019-11-19 15:49:26";"";1;1;1;1;1;0;0;0;0;1;"No Trouble Found.";1;"2019-11-19 13:35:44"
126;"SMC-P04W R17";102919;"30N004000310";"Result Station";"2019-10-29 15:37:47";"2019-11-19 13:36:35";"2019-11-20 10:15:34";"2019-11-21 13:09:05";"";"";"PASS";"2019-11-19 15:49:27";"";1;1;1;1;1;0;0;0;0;1;"No Trouble Found.";1;"2019-11-19 13:35:45"
127;"SMC-P04W R17";102919;"30N004000062";"Result Station";"2019-10-29 15:37:48";"2019-11-20 09:17:33";"2019-11-20 10:15:34";"2019-11-21 13:08:14";"";"";"PASS";"2019-11-20 09:18:09";"";1;1;1;1;1;0;0;0;0;1;"No Trouble Found.";1;"2019-11-19 16:33:25"
128;"SMC-P04W R17";102919;"30N004000146";"Result Station";"2019-10-29 15:37:49";"2019-11-19 13:36:25";"2019-11-20 10:15:34";"2019-11-21 13:09:04";"";"";"PASS";"2019-11-19 15:49:11";"";1;1;1;1;1;0;0;0;0;1;"No Trouble Found.";1;"2019-11-19 11:35:15"
129;"SMC-P04W R17";102919;"30N004000079";"Result Station";"2019-10-29 15:37:50";"2019-11-20 09:17:50";"2019-11-20 10:15:34";"2019-11-21 13:08:34";"";"";"PASS";"2019-11-20 09:18:28";"";1;1;1;1;1;0;0;0;0;1;"No Trouble Found.";1;"2019-11-19 09:34:30"
130;"SMC-P04W R17";102919;"30N004000032";"Result Station";"2019-10-29 15:38:12";"2019-11-20 09:17:35";"2019-11-20 10:15:34";"2019-11-21 13:08:12";"";"";"PASS";"2019-11-20 09:18:11";"";1;1;1;1;1;0;0;0;0;1;"No Trouble Found.";1;"2019-11-19 16:33:23"
131;"SMC-P04W R17";102919;"30N004000085";"Result Station";"2019-10-29 15:38:13";"2019-11-19 13:36:38";"2019-11-20 10:15:34";"2019-11-21 13:09:14";"";"";"PASS";"2019-11-19 15:49:31";"";1;1;1;1;1;0;0;0;0;1;"No Trouble Found.";1;"2019-11-19 13:35:50"
132;"SMC-P04W R17";102919;"30N004000344";"Result Station";"2019-10-29 15:38:13";"2019-10-29 15:39:40";"2019-10-30 09:11:07";"2019-10-31 10:11:07";"";"";"PASS";"";"";1;1;0;1;1;0;0;0;0;1;"No Trouble Found.";0;""
133;"SMC-P04W R17";102919;"30N004000124";"Result Station";"2019-10-29 15:38:14";"2019-10-29 15:39:41";"2019-10-30 09:11:07";"2019-10-31 10:11:07";"";"";"PASS";"";"";1;1;0;1;1;0;0;0;0;1;"No Trouble Found.";0;""
134;"SMC-P04W R17";102919;"30N004000138";"Result Station";"2019-10-29 15:38:15";"2019-11-18 15:38:10";"2019-11-18 16:30:12";"2019-11-19 16:31:01";"";"";"PASS";"2019-11-18 15:39:02";"";1;1;1;1;1;0;0;0;0;1;"No Trouble Found.";1;"2019-11-18 15:36:30"
135;"SMC-P04W R17";102919;"30N004000329";"Result Station";"2019-10-29 15:38:16";"2019-11-19 13:36:28";"2019-11-20 10:15:34";"2019-11-21 13:09:01";"";"";"PASS";"2019-11-19 15:49:17";"";1;1;1;1;1;0;0;0;0;1;"No Trouble Found.";1;"2019-11-19 13:35:35"
136;"SMC-P04W R17";102919;"30N004000114";"Result Station";"2019-10-29 15:38:17";"2019-11-20 09:17:34";"2019-11-20 10:15:34";"2019-11-21 13:08:13";"";"";"PASS";"2019-11-20 09:18:10";"";1;1;1;1;1;0;0;0;0;1;"No Trouble Found.";1;"2019-11-19 16:33:24"
137;"SMC-P04W R17";102919;"30N004000074";"Result Station";"2019-10-29 15:38:18";"2019-11-20 09:17:53";"2019-11-20 10:15:34";"2019-11-21 13:08:28";"";"";"PASS";"2019-11-20 09:18:32";"";1;1;1;1;1;0;0;0;0;1;"No Trouble Found.";1;"2019-11-19 09:34:27"
138;"SMC-P04W R17";102919;"30N004000311";"Result Station";"2019-10-29 15:38:18";"2019-11-20 09:17:56";"2019-11-20 10:15:34";"2019-11-21 13:08:37";"";"";"PASS";"2019-11-20 09:18:35";"";1;1;1;1;1;0;0;0;0;1;"No Trouble Found.";1;"2019-11-19 11:34:49"
139;"SMC-P04W R17";102919;"30N004000196";"Result Station";"2019-10-29 15:38:19";"2019-11-20 09:17:36";"2019-11-20 10:15:34";"2019-11-21 13:08:12";"";"";"PASS";"2019-11-20 09:18:12";"";1;1;1;1;1;0;0;0;0;1;"No Trouble Found.";1;"2019-11-19 16:33:20"
140;"SMC-P04W R17";102919;"30N004000129";"Result Station";"2019-10-29 15:38:33";"2019-11-20 09:17:54";"2019-11-20 10:15:34";"2019-11-21 13:08:40";"";"";"PASS";"2019-11-20 09:18:33";"";1;1;1;1;1;0;0;0;0;1;"No Trouble Found.";1;"2019-11-19 11:34:47"
141;"SMC-P04W R17";102919;"30N004000030";"Result Station";"2019-10-29 15:38:34";"2019-11-19 13:36:48";"2019-11-20 10:15:34";"2019-11-21 13:09:20";"";"";"PASS";"2019-11-19 15:49:37";"";1;1;1;1;1;0;0;0;0;1;"No Trouble Found.";1;"2019-11-19 13:36:01"
142;"SMC-P04W R17";102919;"30N004000285";"Result Station";"2019-10-29 15:38:35";"2019-11-20 09:17:48";"2019-11-20 10:15:34";"2019-11-21 13:08:35";"";"";"PASS";"2019-11-20 09:18:25";"";1;1;1;1;1;0;0;0;0;1;"No Trouble Found.";1;"2019-11-19 09:34:33"
143;"SMC-P04W R17";102919;"30N004000336";"Result Station";"2019-10-29 15:38:36";"2019-11-18 15:38:12";"2019-11-18 16:30:12";"2019-11-19 16:30:59";"";"";"PASS";"2019-11-18 15:38:59";"";1;1;1;1;1;0;0;0;0;1;"No Trouble Found.";1;"2019-11-18 15:36:28"
144;"SMC-P04W R17";102919;"30N004000394";"Repair Station";"2019-10-29 15:38:37";"2019-10-29 15:39:11";"2019-10-30 09:11:07";"2019-10-31 10:11:07";"";"";"Unrepairable";"";"2019-10-30 09:13:58";1;1;0;1;1;0;0;1;0;0;"LEDs issue , Green LED flash slowly";0;""
145;"SMC-P04W R17";102919;"30N004000384";"Result Station";"2019-10-29 15:38:38";"2019-11-19 13:36:33";"2019-11-20 10:15:34";"2019-11-21 13:09:07";"";"";"PASS";"2019-11-19 15:49:23";"";1;1;1;1;1;0;0;0;0;1;"No Trouble Found.";1;"2019-11-19 13:35:43"
146;"SMC-P04W R17";102919;"30N004000115";"Result Station";"2019-10-29 15:38:39";"2019-11-19 13:36:39";"2019-11-20 10:15:34";"2019-11-21 13:09:14";"";"";"PASS";"2019-11-19 15:49:32";"";1;1;1;1;1;0;0;0;0;1;"No Trouble Found.";1;"2019-11-19 13:35:51"
147;"SMC-P04W R17";102919;"30N004000368";"Packing Station";"2019-10-29 15:38:42";"2019-10-29 15:39:00";"2019-10-30 09:11:07";"2019-10-31 10:11:07";"2019-11-01 13:32:45";"";"Unrepairable";"";"2019-10-30 09:14:01";1;1;0;1;1;1;0;1;0;0;"Fan Noise";0;""
148;"SMC-P04W R17";102919;"30N004000051";"Result Station";"2019-10-29 15:38:43";"2019-10-29 15:39:02";"2019-10-30 09:11:07";"2019-10-31 10:11:07";"";"";"PASS";"";"";1;1;0;1;1;0;0;0;0;1;"No Trouble Found.";0;""
149;"SMC-P04W R17";102919;"30N004000053";"Result Station";"2019-10-29 15:38:43";"2019-11-20 09:17:49";"2019-11-20 10:15:34";"2019-11-21 13:08:34";"";"";"PASS";"2019-11-20 09:18:26";"";1;1;1;1;1;0;0;0;0;1;"No Trouble Found.";1;"2019-11-19 09:34:31"
150;"SMC-P04W R17";102919;"30N004000347";"Packing Station";"2019-10-29 15:38:45";"2019-10-29 15:39:03";"2019-10-30 09:11:07";"2019-10-31 10:11:07";"2019-11-01 15:34:39";"";"Unrepairable";"";"2019-10-30 09:14:04";1;1;0;1;1;1;0;1;0;0;"LEDs issue , Green LED flash slowly";0;""
151;"SMC-P04W R17";102919;"30N004000127";"Result Station";"2019-10-29 15:38:46";"2019-10-29 15:39:03";"2019-10-30 09:11:07";"2019-10-31 10:11:07";"";"";"PASS";"";"";1;1;0;1;1;0;0;0;0;1;"No Trouble Found.";0;""
152;"SMC-P04W R17";102919;"30N004000321";"Result Station";"2019-10-29 15:38:47";"2019-11-19 13:36:33";"2019-11-20 10:15:34";"2019-11-21 13:09:07";"";"";"PASS";"2019-11-19 15:49:23";"";1;1;1;1;1;0;0;0;0;1;"No Trouble Found.";1;"2019-11-19 13:35:42"
153;"SMC-P04W R17";102919;"30N004000322";"Result Station";"2019-10-29 15:38:48";"2019-11-20 09:17:44";"2019-11-20 10:15:34";"2019-11-21 13:08:23";"";"";"PASS";"2019-11-20 09:18:21";"";1;1;1;1;1;0;0;0;0;1;"No Trouble Found.";1;"2019-11-19 09:34:17"
154;"SMC-P04W R17";102919;"30N004000205";"Result Station";"2019-10-29 15:38:49";"2019-11-19 13:36:31";"2019-11-20 10:15:34";"2019-11-21 13:09:09";"";"";"PASS";"2019-11-19 15:49:21";"";1;1;1;1;1;0;0;0;0;1;"No Trouble Found.";1;"2019-11-19 13:35:40"
155;"SMC-P04W R17";102919;"30N004000324";"Result Station";"2019-10-29 15:38:50";"2019-11-26 10:08:55";"2019-11-26 11:52:21";"2019-12-02 08:41:38";"";"";"PASS";"2019-11-26 10:26:26";"";1;1;1;0;1;0;0;0;0;1;"No Trouble Found.";1;"2019-11-26 10:05:57"
156;"SMC-P04W R17";102919;"30N004000036";"Result Station";"2019-10-29 15:38:51";"2019-11-19 13:36:37";"2019-11-20 10:15:34";"2019-11-21 13:09:15";"";"";"PASS";"2019-11-19 15:49:30";"";1;1;1;1;1;0;0;0;0;1;"No Trouble Found.";1;"2019-11-19 13:35:49"
157;"SMC-P04W R17";103119;"30N004000049";"Result Station";"2019-10-31 11:25:07";"2019-11-20 09:17:57";"2019-11-20 10:15:34";"2019-11-21 13:08:36";"";"";"PASS";"2019-11-20 09:18:36";"";1;1;1;1;1;0;0;0;0;1;"No Trouble Found.";1;"2019-11-19 11:34:52"
158;"SMC-P04W R17";103119;"30N004000012";"Result Station";"2019-10-31 11:25:12";"2019-11-18 15:37:26";"2019-11-18 16:30:12";"2019-11-19 16:30:35";"";"";"PASS";"2019-11-18 15:38:28";"";1;1;1;1;1;0;0;0;0;1;"No Trouble Found.";1;"2019-11-18 15:36:02"
159;"SMC-P04W R17";103119;"30N004000082";"Result Station";"2019-10-31 11:25:15";"2019-11-18 15:37:36";"2019-11-18 16:30:12";"2019-11-19 16:30:44";"";"";"PASS";"2019-11-18 15:38:35";"";1;1;1;1;1;0;0;0;0;1;"No Trouble Found.";1;"2019-11-18 15:36:11"
160;"SMC-P04W R17";103119;"30N004000147";"Result Station";"2019-10-31 11:25:17";"2019-11-18 15:37:25";"2019-11-18 16:30:12";"2019-11-19 16:30:34";"";"";"PASS";"2019-11-18 15:38:27";"";1;1;1;1;1;0;0;0;0;1;"No Trouble Found.";1;"2019-11-18 15:36:00"
161;"SMC-P04W R17";103119;"30N004000113";"Result Station";"2019-10-31 11:25:19";"2019-11-18 15:37:36";"2019-11-18 16:30:12";"2019-11-19 16:30:43";"";"";"PASS";"2019-11-18 15:38:35";"";1;1;1;1;1;0;0;0;0;1;"No Trouble Found.";1;"2019-11-18 15:36:10"
162;"SMC-P04W R17";103119;"30N004000016";"Result Station";"2019-10-31 11:25:21";"2019-11-18 15:37:52";"2019-11-18 16:30:12";"2019-11-19 16:30:52";"";"";"PASS";"2019-11-18 15:38:49";"";1;1;1;1;1;0;0;0;0;1;"No Trouble Found.";1;"2019-11-18 15:36:23"
163;"SMC-P04W R17";103119;"30N004000055";"Result Station";"2019-10-31 11:25:23";"2019-11-18 15:38:09";"2019-11-18 16:30:12";"2019-11-19 16:31:01";"";"";"PASS";"2019-11-18 15:39:02";"";1;1;1;1;1;0;0;0;0;1;"No Trouble Found.";1;"2019-11-18 15:36:30"
164;"SMC-P04W R17";103119;"30N004000318";"Result Station";"2019-10-31 11:25:25";"2019-11-18 15:38:08";"2019-11-18 16:30:12";"2019-11-19 16:31:02";"";"";"PASS";"2019-11-18 15:39:03";"";1;1;1;1;1;0;0;0;0;1;"No Trouble Found.";1;"2019-11-18 15:36:31"
165;"SMC-P04W R17";103119;"30N004000001";"Repair Station";"2019-10-31 11:25:26";"2019-10-31 11:26:43";"2019-10-31 13:14:09";"2019-11-01 13:15:26";"";"";"Unrepairable";"";"2019-11-01 13:18:08";1;1;0;1;1;0;0;1;0;0;"LEDs issue , Green LED flash slowly";0;""
166;"SMC-P04W R17";103119;"30N004000065";"Result Station";"2019-10-31 11:25:28";"2019-11-18 15:37:35";"2019-11-18 16:30:12";"2019-11-19 16:30:43";"";"";"PASS";"2019-11-18 15:38:34";"";1;1;1;1;1;0;0;0;0;1;"No Trouble Found.";1;"2019-11-18 15:36:10"
167;"SMC-P04W R17";103119;"30N004000086";"Result Station";"2019-10-31 11:25:33";"2019-11-18 15:37:53";"2019-11-18 16:30:12";"2019-11-19 16:30:53";"";"";"PASS";"2019-11-18 15:38:49";"";1;1;1;1;1;0;0;0;0;1;"No Trouble Found.";1;"2019-11-18 15:36:24"
168;"SMC-P04W R17";103119;"30N004000120";"Result Station";"2019-10-31 11:25:35";"2019-11-20 09:17:47";"2019-11-20 10:15:34";"2019-11-21 13:08:15";"";"";"PASS";"2019-11-20 09:18:24";"";1;1;1;1;1;0;0;0;0;1;"No Trouble Found.";1;"2019-11-19 09:34:12"
169;"SMC-P04W R17";103119;"30N004000132";"Result Station";"2019-10-31 11:25:41";"2019-11-19 13:36:27";"2019-11-20 10:15:34";"2019-11-21 13:09:03";"";"";"PASS";"2019-11-19 15:49:15";"";1;1;1;1;1;0;0;0;0;1;"No Trouble Found.";1;"2019-11-19 13:35:33"
170;"SMC-P04W R17";103119;"30N004000033";"Result Station";"2019-10-31 11:25:42";"2019-11-18 15:37:39";"2019-11-18 16:30:12";"2019-11-19 16:30:45";"";"";"PASS";"2019-11-18 15:38:37";"";1;1;1;1;1;0;0;0;0;1;"No Trouble Found.";1;"2019-11-18 15:36:13"
171;"SMC-P04W R17";103119;"30N004000096";"Result Station";"2019-10-31 11:25:45";"2019-11-18 15:37:28";"2019-11-18 16:30:12";"2019-11-19 16:30:36";"";"";"PASS";"2019-11-18 15:38:29";"";1;1;1;1;1;0;0;0;0;1;"No Trouble Found.";1;"2019-11-18 15:36:03"
172;"SMC-P04W R17";103119;"30N004000061";"Result Station";"2019-10-31 11:25:46";"2019-10-31 11:26:47";"2019-10-31 13:14:09";"2019-11-01 13:17:23";"";"";"PASS";"";"";1;1;0;1;1;0;0;0;0;1;"No Trouble Found.";0;""
173;"SMC-P04W R17";103119;"30N004000137";"Result Station";"2019-10-31 11:25:47";"2019-11-18 15:37:28";"2019-11-18 16:30:12";"2019-11-19 16:30:36";"";"";"PASS";"2019-11-18 15:38:28";"";1;1;1;1;1;0;0;0;0;1;"No Trouble Found.";1;"2019-11-18 15:36:02"
174;"SMC-P04W R17";103119;"30N004000075";"Result Station";"2019-10-31 11:25:48";"2019-11-18 15:37:22";"2019-11-18 16:30:12";"2019-11-19 16:30:33";"";"";"PASS";"2019-11-18 15:38:25";"";1;1;1;1;1;0;0;0;0;1;"No Trouble Found.";1;"2019-11-18 15:35:55"
175;"SMC-P04W R17";103119;"30N004000052";"Result Station";"2019-10-31 11:25:50";"2019-11-18 15:37:31";"2019-11-18 16:30:12";"2019-11-19 16:30:37";"";"";"PASS";"2019-11-18 15:38:30";"";1;1;1;1;1;0;0;0;0;1;"No Trouble Found.";1;"2019-11-18 15:36:05"
176;"SMC-P04W R17";103119;"30N004000352";"Result Station";"2019-10-31 11:25:51";"2019-11-18 15:37:50";"2019-11-18 16:30:12";"2019-11-19 16:30:51";"";"";"PASS";"2019-11-18 15:38:48";"";1;1;1;1;1;0;0;0;0;1;"No Trouble Found.";1;"2019-11-18 15:36:20"
177;"SMC-P04W R17";103119;"30N004000363";"Result Station";"2019-10-31 11:25:54";"2019-11-18 15:37:54";"2019-11-18 16:30:12";"2019-11-19 16:30:53";"";"";"PASS";"2019-11-18 15:38:50";"";1;1;1;1;1;0;0;0;0;1;"No Trouble Found.";1;"2019-11-18 15:36:24"
178;"SMC-P04W R17";103119;"30N004000350";"Result Station";"2019-10-31 11:25:55";"2019-11-18 15:37:38";"2019-11-18 16:30:12";"2019-11-19 16:30:45";"";"";"PASS";"2019-11-18 15:38:36";"";1;1;1;1;1;0;0;0;0;1;"No Trouble Found.";1;"2019-11-18 15:36:12"
179;"SMC-P04W R17";103119;"30N004000135";"Result Station";"2019-10-31 11:25:55";"2019-11-18 15:37:25";"2019-11-18 16:30:12";"2019-11-19 16:30:34";"";"";"PASS";"2019-11-18 15:38:26";"";1;1;1;1;1;0;0;0;0;1;"No Trouble Found.";1;"2019-11-18 15:35:59"
180;"SMC-P04W R17";103119;"30N004000345";"Result Station";"2019-10-31 11:25:56";"2019-11-18 15:37:37";"2019-11-18 16:30:12";"2019-11-19 16:30:44";"";"";"PASS";"2019-11-18 15:38:36";"";1;1;1;1;1;0;0;0;0;1;"No Trouble Found.";1;"2019-11-18 15:36:12"
181;"SMC-P04W R17";103119;"30N004000131";"Result Station";"2019-10-31 11:25:57";"2019-11-18 15:37:26";"2019-11-18 16:30:12";"2019-11-19 16:30:35";"";"";"PASS";"2019-11-18 15:38:27";"";1;1;1;1;1;0;0;0;0;1;"No Trouble Found.";1;"2019-11-18 15:36:01"
182;"SMC-P04W R17";103119;"30N004000038";"Result Station";"2019-10-31 11:25:58";"2019-11-18 15:37:33";"2019-11-18 16:30:12";"2019-11-19 16:30:41";"";"";"PASS";"2019-11-18 15:38:33";"";1;1;1;1;1;0;0;0;0;1;"No Trouble Found.";1;"2019-11-18 15:36:09"
183;"SMC-P04W R17";103119;"30N004000380";"Result Station";"2019-10-31 11:26:00";"2019-11-18 15:38:11";"2019-11-18 16:30:12";"2019-11-19 16:31:00";"";"";"PASS";"2019-11-18 15:39:00";"";1;1;1;1;1;0;0;0;0;1;"No Trouble Found.";1;"2019-11-18 15:36:28"
184;"SMC-P04W R17";103119;"30N004000097";"Result Station";"2019-10-31 11:26:01";"2019-11-18 15:37:47";"2019-11-18 16:30:12";"2019-11-19 16:30:49";"";"";"PASS";"2019-11-18 15:38:45";"";1;1;1;1;1;0;0;0;0;1;"No Trouble Found.";1;"2019-11-18 15:36:18"
185;"SMC-P04W R17";103119;"30N004000035";"Result Station";"2019-10-31 11:26:02";"2019-11-18 15:37:30";"2019-11-18 16:30:12";"2019-11-19 16:30:37";"";"";"PASS";"2019-11-18 15:38:30";"";1;1;1;1;1;0;0;0;0;1;"No Trouble Found.";1;"2019-11-18 15:36:04"
186;"SMC-P04W R17";103119;"30N004000197";"Result Station";"2019-10-31 11:26:02";"2019-10-31 11:26:51";"2019-10-31 13:14:09";"2019-11-01 13:17:36";"";"";"PASS";"";"";1;1;0;1;1;0;0;0;0;1;"No Trouble Found.";0;""
187;"SMC-P04W R17";103119;"30N004000087";"Result Station";"2019-10-31 11:26:06";"2019-11-18 15:37:57";"2019-11-18 16:30:12";"2019-11-19 16:30:55";"";"";"PASS";"2019-11-18 15:38:51";"";1;1;1;1;1;0;0;0;0;1;"No Trouble Found.";1;"2019-11-18 15:36:26"
188;"SMC-P04W R17";103119;"30N004000060";"Result Station";"2019-10-31 11:26:07";"2019-11-18 15:37:32";"2019-11-18 16:30:12";"2019-11-19 16:30:38";"";"";"PASS";"2019-11-18 15:38:31";"";1;1;1;1;1;0;0;0;0;1;"No Trouble Found.";1;"2019-11-18 15:36:06"
189;"SMC-P04W R17";103119;"30N004000362";"Result Station";"2019-10-31 11:26:08";"2019-11-18 15:37:48";"2019-11-18 16:30:12";"2019-11-19 16:30:50";"";"";"PASS";"2019-11-18 15:38:46";"";1;1;1;1;1;0;0;0;0;1;"No Trouble Found.";1;"2019-11-18 15:36:19"
190;"SMC-P04W R17";103119;"30N004000059";"Result Station";"2019-10-31 11:26:11";"2019-11-18 15:37:49";"2019-11-18 16:30:12";"2019-11-19 16:30:50";"";"";"PASS";"2019-11-18 15:38:46";"";1;1;1;1;1;0;0;0;0;1;"No Trouble Found.";1;"2019-11-18 15:36:20"
191;"SMC-P04W R17";103119;"30N004000386";"Result Station";"2019-10-31 11:26:12";"2019-11-18 15:37:59";"2019-11-18 16:30:12";"2019-11-19 16:30:57";"";"";"PASS";"2019-11-18 15:38:59";"";1;1;1;1;1;0;0;0;0;1;"No Trouble Found.";1;"2019-11-18 15:36:27"
192;"SMC-P04W R17";103119;"30N004000303";"Result Station";"2019-10-31 11:26:13";"2019-11-18 15:37:58";"2019-11-18 16:30:12";"2019-11-19 16:30:56";"";"";"PASS";"2019-11-18 15:38:58";"";1;1;1;1;1;0;0;0;0;1;"No Trouble Found.";1;"2019-11-18 15:36:26"
193;"SMC-P04W R17";103119;"30N004000383";"Result Station";"2019-10-31 11:26:15";"2019-11-18 15:38:07";"2019-11-18 16:30:12";"2019-11-19 16:31:03";"";"";"PASS";"2019-11-18 15:39:04";"";1;1;1;1;1;0;0;0;0;1;"No Trouble Found.";1;"2019-11-18 15:36:32"
194;"SMC-P04W R17";103119;"30N004000202";"Result Station";"2019-10-31 11:26:16";"2019-11-18 15:37:55";"2019-11-18 16:30:12";"2019-11-19 16:30:54";"";"";"PASS";"2019-11-18 15:38:51";"";1;1;1;1;1;0;0;0;0;1;"No Trouble Found.";1;"2019-11-18 15:36:25"
195;"SMC-P04W R17";103119;"30N004000122";"Result Station";"2019-10-31 11:26:16";"2019-11-18 15:37:41";"2019-11-18 16:30:12";"2019-11-19 16:30:46";"";"";"PASS";"2019-11-18 15:38:38";"";1;1;1;1;1;0;0;0;0;1;"No Trouble Found.";1;"2019-11-18 15:36:15"
196;"SMC-P04W R17";103119;"30N004000047";"Result Station";"2019-10-31 11:26:17";"2019-11-18 15:37:39";"2019-11-18 16:30:12";"2019-11-19 16:30:46";"";"";"PASS";"2019-11-18 15:38:37";"";1;1;1;1;1;0;0;0;0;1;"No Trouble Found.";1;"2019-11-18 15:36:13"
197;"SMC-P04W R17";103119;"30N004000063";"Packing Station";"2019-10-31 11:26:18";"2019-11-22 14:07:02";"2019-11-25 08:50:30";"2019-11-26 11:56:50";"2019-12-05 11:32:00";"";"PASS";"2019-11-22 14:11:12";"";1;1;1;1;1;1;0;0;0;1;"No Trouble Found.";1;"2019-11-22 14:06:46"
198;"SMC-P04W R17";103119;"30N004000048";"Result Station";"2019-10-31 11:26:19";"2019-11-18 15:38:05";"2019-11-18 16:30:12";"2019-11-19 16:31:07";"";"";"PASS";"2019-11-18 15:39:06";"";1;1;1;1;1;0;0;0;0;1;"No Trouble Found.";1;"2019-11-18 15:36:34"
199;"SMC-P04W R17";103119;"30N004000237";"Result Station";"2019-10-31 11:26:20";"2019-11-18 15:38:06";"2019-11-18 16:30:12";"2019-11-19 16:31:04";"";"";"PASS";"2019-11-18 15:39:04";"";1;1;1;1;1;0;0;0;0;1;"No Trouble Found.";1;"2019-11-18 15:36:33"
200;"SMC-P04W R17";103119;"30N004000042";"Result Station";"2019-10-31 11:26:21";"2019-11-18 15:38:07";"2019-11-18 16:30:12";"2019-11-19 16:31:02";"";"";"PASS";"2019-11-18 15:39:03";"";1;1;1;1;1;0;0;0;0;1;"No Trouble Found.";1;"2019-11-18 15:36:32"
201;"SMC-P04W R17";103119;"30N004000119";"Result Station";"2019-10-31 11:26:22";"2019-11-18 15:38:06";"2019-11-18 16:30:12";"2019-11-19 16:31:04";"";"";"PASS";"2019-11-18 15:39:05";"";1;1;1;1;1;0;0;0;0;1;"No Trouble Found.";1;"2019-11-18 15:36:33"
202;"SMC-P04W R17";103119;"30N004000348";"Result Station";"2019-10-31 11:26:23";"2019-11-18 15:37:34";"2019-11-18 16:30:12";"2019-11-19 16:30:42";"";"";"PASS";"2019-11-18 15:38:34";"";1;1;1;1;1;0;0;0;0;1;"No Trouble Found.";1;"2019-11-18 15:36:09"
203;"SMC-P04W R17";103119;"30N004000045";"Result Station";"2019-10-31 11:26:24";"2019-11-19 13:36:26";"2019-11-20 10:15:34";"2019-11-21 13:09:03";"";"";"PASS";"2019-11-19 15:49:12";"";1;1;1;1;1;0;0;0;0;1;"No Trouble Found.";1;"2019-11-19 13:35:32"
204;"SMC-P04W R17";103119;"30N004000349";"Result Station";"2019-10-31 11:26:25";"2019-11-19 13:36:27";"2019-11-20 10:15:34";"2019-11-21 13:09:02";"";"";"PASS";"2019-11-19 15:49:16";"";1;1;1;1;1;0;0;0;0;1;"No Trouble Found.";1;"2019-11-19 13:35:34"
205;"SMC-P04W R17";103119;"30N004000193";"Result Station";"2019-10-31 11:26:26";"2019-11-20 09:17:55";"2019-11-20 10:15:34";"2019-11-21 13:08:38";"";"";"PASS";"2019-11-20 09:18:34";"";1;1;1;1;1;0;0;0;0;1;"No Trouble Found.";1;"2019-11-19 11:34:48"
206;"SMC-P04W R17";103119;"30N004000341";"Result Station";"2019-10-31 11:26:27";"2019-11-20 09:17:38";"2019-11-20 10:15:34";"2019-11-21 13:08:07";"";"";"PASS";"2019-11-20 09:18:14";"";1;1;1;1;1;0;0;0;0;1;"No Trouble Found.";1;"2019-11-19 16:33:14"
207;"SMC-P05 R14";112019;"30N005002209";"Packing Station";"2019-11-20 15:14:20";"2019-11-20 15:34:58";"2019-11-21 14:20:24";"2019-11-25 08:54:01";"2019-12-05 09:01:59";"";"PASS";"";"";1;1;0;1;1;1;0;0;0;1;"No Trouble Found.";0;""
208;"SMC-P05 R14";112019;"30N005001747";"Packing Station";"2019-11-20 15:16:44";"2019-11-20 15:35:06";"2019-11-21 14:20:24";"2019-11-25 08:53:45";"2019-12-05 08:49:53";"";"PASS";"";"";1;1;0;1;1;1;0;0;0;1;"No Trouble Found.";0;""
209;"SMC-P05 R14";112019;"30N005002167";"Packing Station";"2019-11-20 15:17:00";"2019-11-20 15:35:21";"2019-11-21 14:20:24";"2019-11-25 08:53:57";"2019-12-05 08:47:27";"";"PASS";"";"";1;1;0;1;1;1;0;0;0;1;"No Trouble Found.";0;""
210;"SMC-P05 R14";112019;"30N005001865";"Packing Station";"2019-11-20 15:17:02";"2019-11-20 15:35:22";"2019-11-21 14:20:24";"2019-11-25 08:53:59";"2019-12-05 08:59:08";"";"PASS";"";"";1;1;0;1;1;1;0;0;0;1;"No Trouble Found.";0;""
211;"SMC-P05 R14";112019;"30N005002220";"Packing Station";"2019-11-20 15:17:07";"2019-11-20 15:35:01";"2019-11-21 14:20:24";"2019-11-25 08:53:51";"2019-12-04 09:32:14";"";"PASS";"";"";1;1;0;1;1;1;0;0;0;1;"No Trouble Found.";0;""
212;"SMC-P05 R14";112019;"30N005001670";"Packing Station";"2019-11-20 15:17:10";"2019-11-20 15:35:00";"2019-11-21 14:20:24";"2019-11-25 08:53:52";"2019-12-04 09:33:20";"";"PASS";"";"";1;1;0;1;1;1;0;0;0;1;"No Trouble Found.";0;""
213;"SMC-P05 R14";112019;"30N005001717";"Packing Station";"2019-11-20 15:17:13";"2019-11-20 15:35:03";"2019-11-21 14:20:24";"2019-11-25 08:53:49";"2019-12-04 09:29:30";"";"PASS";"";"";1;1;0;1;1;1;0;0;0;1;"No Trouble Found.";0;""
214;"SMC-P05 R14";112019;"30N005001881";"Packing Station";"2019-11-20 15:17:28";"2019-11-20 15:35:05";"2019-11-21 14:20:24";"2019-11-25 08:53:47";"2019-12-04 09:30:19";"";"PASS";"";"";1;1;0;1;1;1;0;0;0;1;"No Trouble Found.";0;""
215;"SMC-P05 R14";112019;"30N005001660";"Packing Station";"2019-11-20 15:17:32";"2019-11-20 15:35:17";"2019-11-21 14:20:24";"2019-11-25 08:53:56";"2019-12-04 10:19:56";"";"PASS";"";"";1;1;0;1;1;1;0;0;0;1;"No Trouble Found.";0;""
216;"SMC-P05 R14";112019;"30N005002071";"Packing Station";"2019-11-20 15:17:32";"2019-11-20 15:35:16";"2019-11-21 14:20:24";"2019-11-25 08:53:26";"2019-12-04 10:09:36";"";"PASS";"";"";1;1;0;1;1;1;0;0;0;1;"No Trouble Found.";0;""
217;"SMC-P05 R14";112019;"30N005001790";"Packing Station";"2019-11-20 15:17:35";"2019-11-20 15:35:13";"2019-11-21 14:20:24";"2019-11-25 08:53:39";"2019-12-04 10:23:30";"";"PASS";"";"";1;1;0;1;1;1;0;0;0;1;"No Trouble Found.";0;""
218;"SMC-P05 R14";112019;"30N005002331";"Packing Station";"2019-11-20 15:17:37";"2019-11-20 15:35:11";"2019-11-21 14:20:24";"2019-11-25 08:53:40";"2019-12-04 10:12:34";"";"PASS";"";"";1;1;0;1;1;1;0;0;0;1;"No Trouble Found.";0;""
219;"SMC-P05 R14";112019;"30N005002170";"Packing Station";"2019-11-20 15:17:41";"2019-11-20 15:35:09";"2019-11-21 14:20:24";"2019-11-25 08:53:33";"2019-12-04 13:37:22";"";"PASS";"";"";1;1;0;1;1;1;0;0;0;1;"No Trouble Found.";0;""
220;"SMC-P05 R14";112019;"30N005002076";"Packing Station";"2019-11-20 15:17:43";"2019-11-20 15:35:08";"2019-11-21 14:20:24";"2019-11-25 08:53:42";"2019-12-04 13:39:12";"";"PASS";"";"";1;1;0;1;1;1;0;0;0;1;"No Trouble Found.";0;""
221;"SMC-P05 R14";112019;"30N005001916";"Packing Station";"2019-11-20 15:17:45";"2019-11-20 15:36:59";"2019-11-21 14:20:24";"2019-11-25 08:53:31";"2019-12-04 13:29:06";"";"PASS";"";"";1;1;0;1;1;1;0;0;0;1;"No Trouble Found.";0;""
222;"SMC-P05 R14";112019;"30N005002246";"Packing Station";"2019-11-20 15:18:08";"2019-11-20 15:38:35";"2019-11-21 14:20:24";"2019-11-25 08:53:24";"2019-12-04 13:26:58";"";"PASS";"";"";1;1;0;1;1;1;0;0;0;1;"No Trouble Found.";0;""
223;"SMC-P05 R14";112019;"30N005002077";"Shipping Station";"2019-11-20 15:18:10";"2019-11-20 15:41:58";"2019-11-21 14:20:24";"2019-11-25 08:53:36";"2019-12-04 11:55:31";"2019-12-04 14:30:53";"PASS";"";"";1;1;0;1;1;1;1;0;0;1;"No Trouble Found.";0;""
224;"SMC-P05 R14";112019;"30N005002453";"Shipping Station";"2019-11-20 15:18:30";"2019-11-20 16:01:26";"2019-11-21 14:20:24";"2019-11-25 08:56:56";"2019-11-25 12:48:51";"2019-11-27 15:19:53";"PASS";"2019-11-21 11:56:25";"";1;1;1;1;1;1;1;0;0;1;"No Trouble Found.";0;""
225;"SMC-P05 R14";112019;"30N005002219";"Shipping Station";"2019-11-20 15:18:34";"2019-11-20 15:59:13";"2019-11-21 14:20:24";"2019-11-25 08:52:49";"2019-11-25 12:48:54";"2019-11-27 15:19:53";"PASS";"2019-11-21 11:56:12";"";1;1;1;1;1;1;1;0;0;1;"No Trouble Found.";0;""
226;"SMC-P05 R14";112019;"30N005002407";"Shipping Station";"2019-11-20 15:18:38";"2019-11-20 16:03:28";"2019-11-21 14:20:24";"2019-11-25 08:57:19";"2019-11-25 12:48:55";"2019-11-27 15:19:53";"PASS";"2019-11-21 11:56:38";"";1;1;1;1;1;1;1;0;0;1;"No Trouble Found.";0;""
227;"SMC-P05 R14";112019;"30N005001761";"Shipping Station";"2019-11-20 15:18:51";"2019-11-20 16:03:26";"2019-11-21 14:20:24";"2019-11-25 08:56:02";"2019-11-25 13:07:24";"2019-11-27 15:19:53";"PASS";"2019-11-21 11:56:31";"";1;1;1;1;1;1;1;0;0;1;"No Trouble Found.";0;""
228;"SMC-P05 R14";112019;"30N005002211";"Shipping Station";"2019-11-20 15:19:46";"2019-11-20 16:13:01";"2019-11-21 14:20:24";"2019-11-25 08:52:37";"2019-11-25 12:44:36";"2019-11-27 15:19:53";"PASS";"2019-11-21 11:54:27";"";1;1;1;1;1;1;1;0;0;1;"No Trouble Found.";0;""
229;"SMC-P05 R14";112019;"30N005002179";"Shipping Station";"2019-11-20 15:19:49";"2019-11-20 16:06:58";"2019-11-21 14:20:24";"2019-11-25 08:57:29";"2019-11-25 12:44:31";"2019-11-27 15:19:53";"PASS";"2019-11-21 11:56:46";"";1;1;1;1;1;1;1;0;0;1;"No Trouble Found.";0;""
230;"SMC-P05 R14";112019;"30N005002137";"Shipping Station";"2019-11-20 15:19:53";"2019-11-20 16:12:59";"2019-11-21 14:20:24";"2019-11-25 08:52:41";"2019-11-25 12:44:44";"2019-11-27 15:19:53";"PASS";"2019-11-21 11:54:34";"";1;1;1;1;1;1;1;0;0;1;"No Trouble Found.";0;""
231;"SMC-P05 R14";112019;"30N005001897";"Shipping Station";"2019-11-20 15:19:56";"2019-11-20 16:07:00";"2019-11-21 14:20:24";"2019-11-25 08:56:26";"2019-11-25 12:44:39";"2019-11-27 15:19:53";"PASS";"2019-11-21 11:56:52";"";1;1;1;1;1;1;1;0;0;1;"No Trouble Found.";0;""
232;"SMC-P05 R14";112019;"30N005001873";"Result Station";"2019-11-20 15:20:08";"2019-11-21 13:30:16";"2019-12-02 08:39:21";"2019-12-03 08:51:38";"";"";"PASS";"2019-11-26 15:21:34";"";1;1;1;0;1;0;0;0;0;1;"No Trouble Found.";0;""
233;"SMC-P05 R14";112019;"30N005002112";"Shipping Station";"2019-11-20 15:20:11";"2019-11-20 16:26:59";"2019-11-21 14:20:24";"2019-11-25 08:53:11";"2019-11-25 13:00:32";"2019-11-27 15:19:53";"PASS";"2019-11-21 11:55:13";"";1;1;1;1;1;1;1;0;0;1;"No Trouble Found.";0;""
234;"SMC-P05 R14";112019;"30N005002409";"Shipping Station";"2019-11-20 15:20:15";"2019-11-20 16:22:00";"2019-11-21 14:20:24";"2019-11-25 08:53:05";"2019-11-25 13:00:34";"2019-11-27 15:19:53";"PASS";"2019-11-21 11:54:47";"";1;1;1;1;1;1;1;0;0;1;"No Trouble Found.";0;""
235;"SMC-P05 R14";112019;"30N005002110";"Shipping Station";"2019-11-20 15:20:17";"2019-11-20 16:22:01";"2019-11-21 14:20:24";"2019-11-25 08:53:06";"2019-11-25 13:00:35";"2019-11-27 15:19:53";"PASS";"2019-11-21 11:54:55";"";1;1;1;1;1;1;1;0;0;1;"No Trouble Found.";0;""
236;"SMC-P05 R14";112019;"30N005001691";"Shipping Station";"2019-11-20 15:20:24";"2019-11-20 15:50:54";"2019-11-21 14:20:24";"2019-11-25 08:56:11";"2019-11-25 12:43:03";"2019-11-27 15:19:53";"PASS";"2019-11-21 11:55:51";"";1;1;1;1;1;1;1;0;0;1;"No Trouble Found.";0;""
237;"SMC-P05 R14";112019;"30N005001885";"Shipping Station";"2019-11-20 15:20:26";"2019-11-20 15:45:56";"2019-11-21 14:20:24";"2019-11-25 08:56:06";"2019-11-25 12:42:48";"2019-11-27 15:19:53";"PASS";"2019-11-21 11:55:49";"";1;1;1;1;1;1;1;0;0;1;"No Trouble Found.";0;""
238;"SMC-P05 R14";112019;"30N005001793";"Shipping Station";"2019-11-20 15:20:31";"2019-11-20 15:51:07";"2019-11-21 14:20:24";"2019-11-25 08:57:25";"2019-11-25 12:43:08";"2019-11-27 15:19:53";"PASS";"2019-11-21 11:55:59";"";1;1;1;1;1;1;1;0;0;1;"No Trouble Found.";0;""
239;"SMC-P05 R14";112019;"30N005002080";"Shipping Station";"2019-11-20 15:20:33";"2019-11-20 15:50:58";"2019-11-21 14:20:24";"2019-11-25 08:56:01";"2019-11-25 12:43:07";"2019-11-27 15:19:53";"PASS";"2019-11-21 11:55:52";"";1;1;1;1;1;1;1;0;0;1;"No Trouble Found.";0;""
240;"SMC-P05 R14";112019;"30N005001799";"Shipping Station";"2019-11-20 15:20:54";"2019-11-20 15:59:12";"2019-11-21 14:20:24";"2019-11-25 08:52:48";"2019-11-25 12:51:11";"2019-11-27 15:19:53";"PASS";"2019-11-21 11:56:15";"";1;1;1;1;1;1;1;0;0;1;"No Trouble Found.";0;""
241;"SMC-P05 R14";112019;"30N005001879";"Shipping Station";"2019-11-20 15:20:57";"2019-11-20 15:58:43";"2019-11-21 14:20:24";"2019-11-25 08:52:46";"2019-11-25 12:51:09";"2019-11-27 15:19:53";"PASS";"2019-11-21 11:56:16";"";1;1;1;1;1;1;1;0;0;1;"No Trouble Found.";0;""
242;"SMC-P05 R14";112019;"30N005001686";"Shipping Station";"2019-11-20 15:21:01";"2019-11-20 16:01:25";"2019-11-21 14:20:24";"2019-11-25 08:52:51";"2019-11-25 12:51:15";"2019-11-27 15:19:53";"PASS";"2019-11-21 11:56:10";"";1;1;1;1;1;1;1;0;0;1;"No Trouble Found.";0;""
243;"SMC-P05 R14";112019;"30N005002288";"Shipping Station";"2019-11-20 15:21:03";"2019-11-20 15:58:44";"2019-11-21 14:20:24";"2019-11-25 08:52:45";"2019-11-25 12:51:14";"2019-11-27 15:19:53";"PASS";"2019-11-21 11:56:17";"";1;1;1;1;1;1;1;0;0;1;"No Trouble Found.";0;""
244;"SMC-P05 R14";112019;"30N005001891";"Shipping Station";"2019-11-20 15:21:16";"2019-11-20 15:52:46";"2019-11-21 14:20:24";"2019-11-25 08:57:20";"2019-11-25 12:42:03";"2019-11-27 15:19:53";"PASS";"2019-11-21 11:56:03";"";1;1;1;1;1;1;1;0;0;1;"No Trouble Found.";0;""
245;"SMC-P05 R14";112019;"30N005002444";"Shipping Station";"2019-11-20 15:21:19";"2019-11-20 15:51:05";"2019-11-21 14:20:24";"2019-11-25 08:56:28";"2019-11-25 12:42:05";"2019-11-27 15:19:53";"PASS";"2019-11-21 11:55:53";"";1;1;1;1;1;1;1;0;0;1;"No Trouble Found.";0;""
246;"SMC-P05 R14";112019;"30N005001869";"Shipping Station";"2019-11-20 15:21:23";"2019-11-20 15:53:41";"2019-11-21 14:20:24";"2019-11-25 08:57:24";"2019-11-25 12:16:40";"2019-11-27 15:19:53";"PASS";"2019-11-21 11:56:07";"";1;1;1;1;1;1;1;0;0;1;"No Trouble Found.";0;""
247;"SMC-P05 R14";112019;"30N005002207";"Shipping Station";"2019-11-20 15:21:25";"2019-11-20 15:51:08";"2019-11-21 14:20:24";"2019-11-25 08:57:27";"2019-11-25 12:20:58";"2019-11-27 15:19:53";"PASS";"2019-11-21 11:56:01";"";1;1;1;1;1;1;1;0;0;1;"No Trouble Found.";0;""
248;"SMC-P05 R14";112019;"30N005001945";"Shipping Station";"2019-11-20 15:22:04";"2019-11-20 16:18:54";"2019-11-21 14:20:24";"2019-11-25 08:53:03";"2019-11-25 13:08:53";"2019-12-02 16:34:31";"PASS";"2019-11-21 11:54:43";"";1;1;1;1;1;1;1;0;0;1;"No Trouble Found.";0;""
249;"SMC-P05 R14";112019;"30N005002007";"Shipping Station";"2019-11-20 15:22:07";"2019-11-20 16:16:13";"2019-11-21 14:20:24";"2019-11-25 08:52:57";"2019-11-25 13:03:57";"2019-12-02 16:34:31";"PASS";"2019-11-21 11:54:39";"";1;1;1;1;1;1;1;0;0;1;"No Trouble Found.";0;""
250;"SMC-P05 R14";112019;"30N005002198";"Result Station";"2019-11-20 15:22:11";"2019-11-21 13:30:18";"2019-12-02 08:39:21";"2019-12-03 08:51:40";"";"";"PASS";"2019-11-26 15:21:36";"";1;1;1;0;1;0;0;0;0;1;"No Trouble Found.";0;""
251;"SMC-P05 R14";112019;"30N005002216";"Shipping Station";"2019-11-20 15:22:18";"2019-11-20 16:18:52";"2019-11-21 14:20:24";"2019-11-25 08:53:01";"2019-11-25 13:03:59";"2019-12-02 16:34:31";"PASS";"2019-11-21 11:54:40";"";1;1;1;1;1;1;1;0;0;1;"No Trouble Found.";0;""
252;"SMC-P05 R14";112019;"30N005002238";"Shipping Station";"2019-11-20 15:22:33";"2019-11-20 15:41:33";"2019-11-21 14:20:24";"2019-11-25 08:53:38";"2019-12-04 12:03:41";"2019-12-04 14:30:53";"PASS";"";"";1;1;0;1;1;1;1;0;0;1;"No Trouble Found.";0;""
253;"SMC-P05 R14";112019;"30N005002078";"Shipping Station";"2019-11-20 15:22:34";"2019-11-20 15:42:09";"2019-11-21 14:20:24";"2019-11-25 08:52:43";"2019-11-25 13:26:45";"2019-11-27 15:19:53";"PASS";"2019-11-21 11:55:43";"";1;1;1;1;1;1;1;0;0;1;"No Trouble Found.";0;""
254;"SMC-P05 R14";112019;"30N005002418";"Shipping Station";"2019-11-20 15:22:38";"2019-11-20 15:45:53";"2019-11-21 14:20:24";"2019-11-25 08:56:33";"2019-11-25 13:26:36";"2019-12-02 16:34:31";"PASS";"2019-11-21 11:55:48";"";1;1;1;1;1;1;1;0;0;1;"No Trouble Found.";0;""
255;"SMC-P05 R14";112019;"30N005002301";"Shipping Station";"2019-11-20 15:30:32";"2019-11-20 16:13:05";"2019-11-21 14:20:24";"2019-11-25 08:52:55";"2019-11-25 12:42:34";"2019-11-27 15:19:53";"PASS";"2019-11-21 11:54:23";"";1;1;1;1;1;1;1;0;0;1;"No Trouble Found.";0;""
256;"SMC-P05 R14";112019;"30N005002244";"Shipping Station";"2019-11-20 15:30:34";"2019-11-20 16:13:02";"2019-11-21 14:20:24";"2019-11-25 08:52:41";"2019-11-25 12:42:21";"2019-11-27 15:19:53";"PASS";"2019-11-21 11:54:15";"";1;1;1;1;1;1;1;0;0;1;"No Trouble Found.";0;""
257;"SMC-P05 R14";112019;"30N005001802";"Shipping Station";"2019-11-20 15:30:38";"2019-11-20 16:16:12";"2019-11-21 14:20:24";"2019-11-25 08:53:00";"2019-11-25 12:42:41";"2019-11-27 15:19:53";"PASS";"2019-11-21 11:54:37";"";1;1;1;1;1;1;1;0;0;1;"No Trouble Found.";0;""
258;"SMC-P05 R14";112019;"30N005001743";"Shipping Station";"2019-11-20 15:30:39";"2019-11-20 16:16:07";"2019-11-21 14:20:24";"2019-11-25 08:52:53";"2019-11-25 12:42:38";"2019-11-27 15:19:53";"PASS";"2019-11-21 11:54:19";"";1;1;1;1;1;1;1;0;0;1;"No Trouble Found.";0;""
259;"SMC-P05 R14";112019;"30N005002488";"Result Station";"2019-11-20 15:30:44";"2019-11-21 13:30:36";"2019-11-25 08:50:30";"2019-11-26 12:00:52";"";"";"PASS";"2019-11-22 15:39:08";"";1;1;1;1;1;0;0;0;0;1;"No Trouble Found.";0;""
260;"SMC-P05 R14";112019;"30N005001783";"Result Station";"2019-11-20 15:30:46";"2019-11-21 13:32:19";"2019-11-26 11:52:21";"2019-12-02 13:31:49";"";"";"PASS";"2019-11-26 10:16:05";"";1;1;1;0;1;0;0;0;0;1;"No Trouble Found.";0;""
261;"SMC-P05 R14";112019;"30N005002435";"Result Station";"2019-11-20 15:30:49";"2019-11-21 13:32:41";"2019-11-26 11:52:21";"2019-12-02 09:43:19";"";"";"PASS";"2019-11-26 10:23:04";"";1;1;1;0;1;0;0;0;0;1;"No Trouble Found.";0;""
262;"SMC-P05 R14";112019;"30N005001721";"Result Station";"2019-11-20 15:30:52";"2019-11-21 13:32:20";"2019-11-26 11:52:21";"2019-12-02 15:21:10";"";"";"PASS";"2019-11-26 10:22:49";"";1;1;1;0;1;0;0;0;0;1;"No Trouble Found.";0;""
263;"SMC-P05 R14";112019;"30N005002140";"Packing Station";"2019-11-20 15:31:01";"2019-11-21 13:30:04";"2019-11-25 08:50:30";"2019-11-26 12:00:26";"2019-12-04 10:14:34";"";"PASS";"2019-11-22 14:12:00";"";1;1;1;1;1;1;0;0;0;1;"No Trouble Found.";0;""
264;"SMC-P05 R14";112019;"30N005002143";"Packing Station";"2019-11-20 15:31:03";"2019-11-21 13:29:57";"2019-11-25 08:50:30";"2019-11-26 12:00:34";"2019-12-04 10:00:00";"";"PASS";"2019-11-22 14:12:08";"";1;1;1;1;1;1;0;0;0;1;"No Trouble Found.";0;""
265;"SMC-P05 R14";112019;"30N005002111";"Packing Station";"2019-11-20 15:31:10";"2019-11-21 13:29:59";"2019-11-25 08:50:30";"2019-11-26 12:00:25";"2019-12-04 09:56:39";"";"PASS";"2019-11-22 14:12:05";"";1;1;1;1;1;1;0;0;0;1;"No Trouble Found.";0;""
266;"SMC-P05 R14";112019;"30N005002104";"Packing Station";"2019-11-20 15:31:12";"2019-11-21 13:32:10";"2019-11-25 08:50:30";"2019-11-26 11:59:35";"2019-12-04 09:44:16";"";"PASS";"2019-11-22 14:11:29";"";1;1;1;1;1;1;0;0;0;1;"No Trouble Found.";0;""
267;"SMC-P05 R14";112019;"30N005002393";"Result Station";"2019-11-20 15:31:18";"2019-11-21 14:35:36";"2019-12-02 08:39:21";"2019-12-02 08:51:15";"";"";"FAIL";"2019-11-26 15:21:29";"";1;1;1;1;1;0;0;0;0;0;"Fail at Burn In Fail (Controller was shut down and explosion one or two components)";0;""
268;"SMC-P05 R14";112019;"30N005001857";"Result Station";"2019-11-20 15:31:21";"2019-11-21 14:35:43";"2019-12-02 08:39:21";"2019-12-03 08:51:15";"";"";"PASS";"2019-11-26 15:21:15";"";1;1;1;0;1;0;0;0;0;1;"No Trouble Found.";0;""
269;"SMC-P05 R14";112019;"30N005002224";"Result Station";"2019-11-20 15:31:27";"2019-11-21 14:35:33";"2019-12-02 08:39:21";"2019-12-03 08:51:43";"";"";"PASS";"2019-11-26 15:21:30";"";1;1;1;0;1;0;0;0;0;1;"No Trouble Found.";0;""
270;"SMC-P05 R14";112019;"30N005002345";"Result Station";"2019-11-20 15:31:28";"2019-11-21 14:35:39";"2019-12-02 08:39:21";"2019-12-03 08:51:36";"";"";"PASS";"2019-11-26 15:21:28";"";1;1;1;0;1;0;0;0;0;1;"No Trouble Found.";0;""
271;"SMC-P05 R14";112019;"30N005001954";"Shipping Station";"2019-11-20 15:31:38";"2019-11-21 13:30:26";"2019-11-25 08:50:30";"2019-11-26 12:00:18";"2019-12-04 12:04:28";"2019-12-04 14:30:53";"PASS";"2019-11-22 15:39:01";"";1;1;1;1;1;1;1;0;0;1;"No Trouble Found.";0;""
272;"SMC-P05 R14";112019;"30N005002352";"Result Station";"2019-11-20 15:31:42";"2019-11-21 13:32:25";"2019-11-26 11:52:21";"2019-12-02 09:43:24";"";"";"PASS";"2019-11-26 10:22:55";"";1;1;1;0;1;0;0;0;0;1;"No Trouble Found.";0;""
273;"SMC-P05 R14";112019;"30N005002295";"Result Station";"2019-11-20 15:31:47";"2019-11-21 13:32:22";"2019-11-26 11:52:21";"2019-12-02 13:29:33";"";"";"PASS";"2019-11-26 10:22:52";"";1;1;1;0;1;0;0;0;0;1;"No Trouble Found.";0;""
274;"SMC-P05 R14";112019;"30N005001656";"Shipping Station";"2019-11-20 15:31:49";"2019-11-21 13:30:28";"2019-11-25 08:50:30";"2019-11-26 12:00:53";"2019-12-04 12:13:08";"2019-12-04 14:30:53";"PASS";"2019-11-22 15:39:00";"";1;1;1;1;1;1;1;0;0;1;"No Trouble Found.";0;""
275;"SMC-P05 R14";112019;"30N005002351";"Result Station";"2019-11-20 15:31:54";"2019-11-21 13:30:45";"2019-11-26 11:52:21";"2019-12-02 13:31:37";"";"";"PASS";"2019-11-22 15:39:39";"";1;1;1;0;1;0;0;0;0;1;"No Trouble Found.";0;""
276;"SMC-P05 R14";112019;"30N005002269";"Result Station";"2019-11-20 15:31:56";"2019-11-21 13:30:42";"2019-11-25 08:50:30";"2019-11-26 12:00:54";"";"";"PASS";"2019-11-22 15:39:31";"";1;1;1;1;1;0;0;0;0;1;"No Trouble Found.";0;""
277;"SMC-P05 R14";112019;"30N005002004";"Result Station";"2019-11-20 15:32:00";"2019-11-21 13:32:47";"2019-11-26 11:52:21";"2019-12-02 09:43:41";"";"";"PASS";"2019-11-26 10:23:27";"";1;1;1;0;1;0;0;0;0;1;"No Trouble Found.";0;""
278;"SMC-P05 R14";112019;"30N005002348";"Result Station";"2019-11-20 15:32:01";"2019-11-21 13:32:50";"2019-11-26 11:52:21";"2019-12-02 09:43:39";"";"";"PASS";"2019-11-26 10:23:24";"";1;1;1;0;1;0;0;0;0;1;"No Trouble Found.";0;""
279;"SMC-P05 R14";112019;"30N005002489";"Result Station";"2019-11-20 15:32:08";"2019-11-21 14:35:37";"2019-12-02 08:39:21";"2019-12-03 08:51:20";"";"";"PASS";"2019-11-26 15:21:28";"";1;1;1;0;1;0;0;0;0;1;"No Trouble Found.";0;""
280;"SMC-P05 R14";112019;"30N005001724";"Result Station";"2019-11-20 15:32:10";"2019-11-21 14:35:53";"2019-12-02 08:39:21";"2019-12-03 08:51:48";"";"";"PASS";"2019-11-26 15:21:27";"";1;1;1;0;1;0;0;0;0;1;"No Trouble Found.";0;""
281;"SMC-P05 R14";112019;"30N005002412";"Result Station";"2019-11-20 15:32:13";"2019-11-21 14:35:55";"2019-12-02 08:39:21";"2019-12-03 08:51:12";"";"";"PASS";"2019-11-26 15:21:28";"";1;1;1;0;1;0;0;0;0;1;"No Trouble Found.";0;""
282;"SMC-P05 R14";112019;"30N005002474";"Result Station";"2019-11-20 15:32:14";"2019-11-21 14:35:52";"2019-12-02 08:39:21";"2019-12-03 08:51:21";"";"";"PASS";"2019-11-26 15:21:27";"";1;1;1;0;1;0;0;0;0;1;"No Trouble Found.";0;""
283;"SMC-P05 R14";112019;"30N005002486";"Result Station";"2019-11-20 15:32:28";"2019-11-21 13:30:24";"2019-12-02 08:39:21";"2019-12-03 13:51:41";"";"";"PASS";"2019-11-26 15:21:41";"";1;1;1;0;1;0;0;0;0;1;"No Trouble Found.";0;""
284;"SMC-P05 R14";112019;"30N005002083";"Result Station";"2019-11-20 15:32:29";"2019-11-21 13:32:38";"2019-11-26 11:52:21";"2019-12-02 09:43:46";"";"";"PASS";"2019-11-26 10:23:09";"";1;1;1;0;1;0;0;0;0;1;"No Trouble Found.";0;""
285;"SMC-P05 R14";112019;"30N005001813";"Result Station";"2019-11-20 15:32:32";"2019-11-21 13:30:20";"2019-12-02 08:39:21";"2019-12-03 08:51:17";"";"";"PASS";"2019-11-26 15:21:39";"";1;1;1;0;1;0;0;0;0;1;"No Trouble Found.";0;""
286;"SMC-P05 R14";112019;"30N005002499";"Result Station";"2019-11-20 15:32:34";"2019-11-21 13:32:34";"2019-11-26 11:52:21";"2019-12-02 09:43:24";"";"";"PASS";"2019-11-26 10:23:10";"";1;1;1;0;1;0;0;0;0;1;"No Trouble Found.";0;""
287;"SMC-P05 R14";112019;"30N005001644";"Result Station";"2019-11-20 15:32:38";"2019-11-21 13:32:28";"2019-11-26 11:52:21";"2019-12-02 09:43:47";"";"";"PASS";"2019-11-26 10:23:13";"";1;1;1;0;1;0;0;0;0;1;"No Trouble Found.";0;""
288;"SMC-P05 R14";112019;"30N005002475";"Result Station";"2019-11-20 15:32:40";"2019-11-21 13:30:11";"2019-11-25 08:50:30";"2019-11-26 12:00:32";"";"";"PASS";"2019-11-22 14:11:47";"";1;1;1;1;1;0;0;0;0;1;"No Trouble Found.";0;""
289;"SMC-P05 R14";112019;"30N005001643";"Result Station";"2019-11-20 15:32:42";"2019-11-21 13:32:31";"2019-11-26 11:52:21";"2019-12-02 09:43:45";"";"";"PASS";"2019-11-26 10:23:12";"";1;1;1;0;1;0;0;0;0;1;"No Trouble Found.";0;""
290;"SMC-P05 R14";112019;"30N005002503";"Result Station";"2019-11-20 15:32:45";"2019-11-21 13:30:08";"2019-11-25 08:50:30";"2019-11-26 12:00:31";"";"";"PASS";"2019-11-22 14:11:55";"";1;1;1;1;1;0;0;0;0;1;"No Trouble Found.";0;""
291;"SMC-P05 R14";112019;"30N005002403";"Result Station";"2019-11-20 15:32:49";"2019-11-21 13:30:48";"2019-11-25 08:50:30";"2019-11-26 12:00:57";"";"";"PASS";"2019-11-22 15:39:06";"";1;1;1;1;1;0;0;0;0;1;"No Trouble Found.";0;""
292;"SMC-P05 R14";112019;"30N005002087";"Result Station";"2019-11-20 15:32:51";"2019-11-21 13:32:54";"2019-11-26 11:52:21";"2019-12-02 09:43:29";"";"";"PASS";"2019-11-26 10:23:16";"";1;1;1;0;1;0;0;0;0;1;"No Trouble Found.";0;""
293;"SMC-P05 R14";112019;"30N005001977";"Result Station";"2019-11-20 15:32:54";"2019-11-21 13:30:40";"2019-11-25 08:50:30";"2019-11-26 11:59:52";"";"";"PASS";"2019-11-22 15:39:42";"";1;1;1;1;1;0;0;0;0;1;"No Trouble Found.";0;""
294;"SMC-P05 R14";112019;"30N005001915";"Result Station";"2019-11-20 15:32:55";"2019-11-21 13:31:20";"2019-11-25 08:50:30";"2019-11-26 12:00:59";"";"";"PASS";"2019-11-22 15:39:07";"";1;1;1;1;1;0;0;0;0;1;"No Trouble Found.";0;""
295;"SMC-P05 R14";112019;"30N005002072";"Packing Station";"2019-11-20 15:33:04";"2019-11-21 13:30:32";"2019-11-25 08:50:30";"2019-11-26 12:00:50";"2019-12-05 09:38:42";"";"PASS";"2019-11-22 15:38:59";"";1;1;1;1;1;1;0;0;0;1;"No Trouble Found.";0;""
296;"SMC-P05 R14";112019;"30N005002047";"Packing Station";"2019-11-20 15:33:05";"2019-11-21 13:32:18";"2019-11-25 08:50:30";"2019-11-26 11:59:42";"2019-12-05 09:38:43";"";"PASS";"2019-11-22 14:12:11";"";1;1;1;1;1;1;0;0;0;1;"No Trouble Found.";0;""
297;"SMC-P05 R14";112019;"30N005002051";"Packing Station";"2019-11-20 15:33:07";"2019-11-21 13:30:34";"2019-11-25 08:50:30";"2019-11-26 11:59:43";"2019-12-05 09:38:45";"";"PASS";"2019-11-22 15:38:54";"";1;1;1;1;1;1;0;0;0;1;"No Trouble Found.";0;""
298;"SMC-P05 R14";112019;"30N005002055";"Result Station";"2019-11-20 15:33:09";"2019-11-21 13:30:15";"2019-12-02 08:39:21";"2019-12-03 08:51:18";"";"";"PASS";"2019-11-26 15:21:34";"";1;1;1;0;1;0;0;0;0;1;"No Trouble Found.";0;""
299;"SMC-P05 R14";112019;"30N005001928";"Packing Station";"2019-11-20 15:33:13";"2019-11-21 13:31:56";"2019-11-25 08:50:30";"2019-11-26 11:59:21";"2019-12-05 09:19:12";"";"PASS";"2019-11-22 14:11:32";"";1;1;1;1;1;1;0;0;0;1;"No Trouble Found.";0;""
300;"SMC-P05 R14";112019;"30N005002480";"Packing Station";"2019-11-20 15:33:14";"2019-11-21 13:32:03";"2019-11-25 08:50:30";"2019-11-26 11:59:28";"2019-12-05 09:30:51";"";"PASS";"2019-11-22 14:11:31";"";1;1;1;1;1;1;0;0;0;1;"No Trouble Found.";0;""
301;"SMC-P05 R14";112019;"30N005001872";"Packing Station";"2019-11-20 15:33:16";"2019-11-21 13:31:53";"2019-11-25 08:50:30";"2019-11-26 12:00:22";"2019-12-04 14:22:40";"";"PASS";"2019-11-22 14:11:34";"";1;1;1;1;1;1;0;0;0;1;"No Trouble Found.";0;""
302;"SMC-P05 R14";112019;"30N005001958";"Packing Station";"2019-11-20 15:33:19";"2019-11-21 13:31:51";"2019-11-25 08:50:30";"2019-11-26 12:00:23";"2019-12-05 09:37:44";"";"PASS";"2019-11-22 14:11:42";"";1;1;1;1;1;1;0;0;0;1;"No Trouble Found.";0;""
303;"SMC-P05 R14";112019;"30N005002169";"Result Station";"2019-11-20 15:33:23";"2019-11-21 13:32:46";"2019-11-26 11:52:21";"2019-12-02 09:43:33";"";"";"PASS";"2019-11-26 10:23:29";"";1;1;1;0;1;0;0;0;0;1;"No Trouble Found.";0;""
304;"SMC-P05 R14";112019;"30N005001886";"Result Station";"2019-11-20 15:33:24";"2019-11-21 14:35:49";"2019-11-26 11:52:21";"2019-12-02 13:31:40";"";"";"PASS";"2019-11-26 10:12:42";"";1;1;1;0;1;0;0;0;0;1;"No Trouble Found.";0;""
305;"SMC-P05 R14";112019;"30N005002183";"Result Station";"2019-11-20 15:33:26";"2019-11-21 13:32:44";"2019-11-26 11:52:21";"2019-12-02 09:43:35";"";"";"PASS";"2019-11-26 10:23:31";"";1;1;1;0;1;0;0;0;0;1;"No Trouble Found.";0;""
306;"SMC-P05 R14";112019;"30N005001733";"Result Station";"2019-11-20 15:33:28";"2019-11-21 14:35:45";"2019-12-02 08:39:21";"2019-12-03 08:51:23";"";"";"PASS";"2019-11-26 15:21:16";"";1;1;1;0;1;0;0;0;0;1;"No Trouble Found.";0;""
307;"SMC-P05 R14";110119;"30N005002512";"Shipping Station";"2019-11-01 13:07:58";"2019-11-05 09:10:06";"2019-11-05 12:07:40";"2019-11-06 13:27:18";"2019-11-07 09:24:14";"2019-11-07 15:35:32";"PASS";"";"";1;1;0;1;1;1;1;0;0;1;"No Trouble Found.";0;""
308;"SMC-P05 R14";110119;"30N005001771";"Shipping Station";"2019-11-01 13:07:59";"2019-11-05 09:10:48";"2019-11-05 12:07:40";"2019-11-06 13:27:22";"2019-11-07 09:24:16";"2019-11-07 15:35:34";"PASS";"";"";1;1;0;1;1;1;1;0;0;1;"No Trouble Found.";0;""
309;"SMC-P05 R14";110119;"30N005002502";"Shipping Station";"2019-11-01 13:08:01";"2019-11-05 09:10:48";"2019-11-05 12:07:40";"2019-11-06 13:27:23";"2019-11-07 09:24:16";"2019-11-07 15:35:35";"PASS";"";"";1;1;0;1;1;1;1;0;0;1;"No Trouble Found.";0;""
310;"SMC-P05 R14";110119;"30N005002490";"Shipping Station";"2019-11-01 13:08:02";"2019-11-05 09:10:50";"2019-11-05 12:07:40";"2019-11-06 13:27:23";"2019-11-07 09:24:17";"2019-11-07 15:35:36";"PASS";"";"";1;1;0;1;1;1;1;0;0;1;"No Trouble Found.";0;""
311;"SMC-P05 R14";110119;"30N005002491";"Shipping Station";"2019-11-01 13:08:04";"2019-11-05 09:10:51";"2019-11-05 12:07:40";"2019-11-06 13:27:24";"2019-11-07 09:24:18";"2019-11-07 15:35:36";"PASS";"";"";1;1;0;1;1;1;1;0;0;1;"No Trouble Found.";0;""
312;"SMC-P05 R14";110119;"30N005002290";"Shipping Station";"2019-11-01 13:08:05";"2019-11-05 09:10:51";"2019-11-05 12:07:40";"2019-11-06 13:27:24";"2019-11-07 09:24:18";"2019-11-07 15:35:37";"PASS";"";"";1;1;0;1;1;1;1;0;0;1;"No Trouble Found.";0;""
313;"SMC-P05 R14";110119;"30N005002509";"Shipping Station";"2019-11-01 13:08:06";"2019-11-05 09:10:52";"2019-11-05 12:07:40";"2019-11-06 13:27:25";"2019-11-07 09:24:19";"2019-11-07 15:35:37";"PASS";"";"";1;1;0;1;1;1;1;0;0;1;"No Trouble Found.";0;""
314;"SMC-P05 R14";110119;"30N005001845";"Shipping Station";"2019-11-01 13:08:07";"2019-11-05 09:10:52";"2019-11-05 12:07:40";"2019-11-06 13:27:26";"2019-11-07 09:24:20";"2019-11-07 15:35:38";"PASS";"";"";1;1;0;1;1;1;1;0;0;1;"No Trouble Found.";0;""
315;"SMC-P05 R14";110119;"30N005002046";"Shipping Station";"2019-11-01 13:08:08";"2019-11-05 09:10:53";"2019-11-05 12:07:40";"2019-11-06 13:27:26";"2019-11-07 09:24:20";"2019-11-07 15:35:39";"PASS";"";"";1;1;0;1;1;1;1;0;0;1;"No Trouble Found.";0;""
316;"SMC-P05 R14";110119;"30N005002040";"Shipping Station";"2019-11-01 13:08:09";"2019-11-05 09:10:53";"2019-11-05 12:07:40";"2019-11-06 13:27:27";"2019-11-07 09:24:21";"2019-11-07 15:35:39";"PASS";"";"";1;1;0;1;1;1;1;0;0;1;"No Trouble Found.";0;""
317;"SMC-P05 R14";110119;"30N005001864";"Shipping Station";"2019-11-01 13:08:10";"2019-11-05 09:10:59";"2019-11-05 12:07:40";"2019-11-06 13:27:28";"2019-11-07 09:24:09";"2019-11-07 15:35:41";"PASS";"";"";1;1;0;1;1;1;1;0;0;1;"No Trouble Found.";0;""
318;"SMC-P05 R14";110119;"30N005002032";"Shipping Station";"2019-11-01 13:08:11";"2019-11-05 09:10:59";"2019-11-05 12:07:40";"2019-11-06 13:27:28";"2019-11-07 09:24:10";"2019-11-07 15:35:42";"PASS";"";"";1;1;0;1;1;1;1;0;0;1;"No Trouble Found.";0;""
319;"SMC-P05 R14";110119;"30N005001711";"Shipping Station";"2019-11-01 13:08:13";"2019-11-05 09:10:58";"2019-11-05 12:07:40";"2019-11-06 13:27:28";"2019-11-07 09:24:10";"2019-11-07 15:35:43";"PASS";"";"";1;1;0;1;1;1;1;0;0;1;"No Trouble Found.";0;""
320;"SMC-P05 R14";110119;"30N005002481";"Shipping Station";"2019-11-01 13:08:14";"2019-11-05 09:10:58";"2019-11-05 12:07:40";"2019-11-06 13:27:29";"2019-11-07 09:24:11";"2019-11-07 15:35:43";"PASS";"";"";1;1;0;1;1;1;1;0;0;1;"No Trouble Found.";0;""
321;"SMC-P05 R14";110119;"30N005002182";"Shipping Station";"2019-11-01 13:08:15";"2019-11-05 09:10:57";"2019-11-05 12:07:40";"2019-11-06 13:27:29";"2019-11-07 09:24:11";"2019-11-07 15:35:44";"PASS";"";"";1;1;0;1;1;1;1;0;0;1;"No Trouble Found.";0;""
322;"SMC-P05 R14";110119;"30N005001702";"Shipping Station";"2019-11-01 13:08:16";"2019-11-05 09:10:56";"2019-11-05 12:07:40";"2019-11-06 13:27:30";"2019-11-07 09:24:12";"2019-11-07 15:35:44";"PASS";"";"";1;1;0;1;1;1;1;0;0;1;"No Trouble Found.";0;""
323;"SMC-P05 R14";110119;"30N005001700";"Shipping Station";"2019-11-01 13:08:17";"2019-11-05 09:10:56";"2019-11-05 12:07:40";"2019-11-06 13:27:31";"2019-11-07 09:24:12";"2019-11-07 15:35:45";"PASS";"";"";1;1;0;1;1;1;1;0;0;1;"No Trouble Found.";0;""
324;"SMC-P05 R14";110119;"30N005002430";"Shipping Station";"2019-11-01 13:08:18";"2019-11-05 09:10:55";"2019-11-05 12:07:40";"2019-11-06 13:27:32";"2019-11-07 09:24:13";"2019-11-07 15:35:45";"PASS";"";"";1;1;0;1;1;1;1;0;0;1;"No Trouble Found.";0;""
325;"SMC-P05 R14";110119;"30N005002451";"Shipping Station";"2019-11-01 13:08:19";"2019-11-05 09:10:55";"2019-11-05 12:07:40";"2019-11-06 13:27:32";"2019-11-07 09:24:13";"2019-11-07 15:35:46";"PASS";"";"";1;1;0;1;1;1;1;0;0;1;"No Trouble Found.";0;""
326;"SMC-P05 R14";110119;"30N005002513";"Shipping Station";"2019-11-01 13:08:21";"2019-11-05 09:10:54";"2019-11-05 12:07:40";"2019-11-06 13:27:34";"2019-11-07 09:24:14";"2019-11-07 15:35:47";"PASS";"";"";1;1;0;1;1;1;1;0;0;1;"No Trouble Found.";0;""
327;"SMC-P05 R14";110119;"30N005002096";"Shipping Station";"2019-11-01 13:08:22";"2019-11-05 09:11:05";"2019-11-05 12:07:40";"2019-11-06 13:27:35";"2019-11-07 09:24:03";"2019-11-07 15:35:55";"PASS";"";"";1;1;0;1;1;1;1;0;0;1;"No Trouble Found.";0;""
328;"SMC-P05 R14";110119;"30N005002471";"Shipping Station";"2019-11-01 13:08:23";"2019-11-05 09:11:04";"2019-11-05 12:07:40";"2019-11-06 13:27:36";"2019-11-07 09:24:03";"2019-11-07 15:35:54";"PASS";"";"";1;1;0;1;1;1;1;0;0;1;"No Trouble Found.";0;""
329;"SMC-P05 R14";110119;"30N005001948";"Shipping Station";"2019-11-01 13:08:24";"2019-11-05 09:11:04";"2019-11-05 12:07:40";"2019-11-06 13:27:37";"2019-11-07 09:24:04";"2019-11-07 15:35:54";"PASS";"";"";1;1;0;1;1;1;1;0;0;1;"No Trouble Found.";0;""
330;"SMC-P05 R14";110119;"30N005002510";"Shipping Station";"2019-11-01 13:08:26";"2019-11-05 09:11:03";"2019-11-05 12:07:40";"2019-11-06 13:27:37";"2019-11-07 09:24:04";"2019-11-07 15:35:53";"PASS";"";"";1;1;0;1;1;1;1;0;0;1;"No Trouble Found.";0;""
331;"SMC-P05 R14";110119;"30N005002511";"Shipping Station";"2019-11-01 13:08:27";"2019-11-05 09:11:02";"2019-11-05 12:07:40";"2019-11-06 13:28:45";"2019-11-07 09:24:05";"2019-11-07 15:35:53";"PASS";"";"";1;1;0;1;1;1;1;0;0;1;"No Trouble Found.";0;""
332;"SMC-P05 R14";110119;"30N005002054";"Shipping Station";"2019-11-01 13:08:28";"2019-11-05 09:11:02";"2019-11-05 12:07:40";"2019-11-06 13:28:47";"2019-11-07 09:24:06";"2019-11-07 15:35:52";"PASS";"";"";1;1;0;1;1;1;1;0;0;1;"No Trouble Found.";0;""
333;"SMC-P05 R14";110119;"30N005001760";"Shipping Station";"2019-11-01 13:08:30";"2019-11-05 09:11:02";"2019-11-05 12:07:40";"2019-11-06 13:28:47";"2019-11-07 09:24:07";"2019-11-07 15:35:52";"PASS";"";"";1;1;0;1;1;1;1;0;0;1;"No Trouble Found.";0;""
334;"SMC-P05 R14";110119;"30N005002468";"Shipping Station";"2019-11-01 13:08:31";"2019-11-05 09:11:01";"2019-11-05 12:07:40";"2019-11-06 13:28:48";"2019-11-07 09:24:07";"2019-11-07 15:35:51";"PASS";"";"";1;1;0;1;1;1;1;0;0;1;"No Trouble Found.";0;""
335;"SMC-P05 R14";110119;"30N005002281";"Shipping Station";"2019-11-01 13:08:32";"2019-11-05 09:11:01";"2019-11-05 12:07:40";"2019-11-06 13:28:49";"2019-11-07 09:24:08";"2019-11-07 15:35:50";"PASS";"";"";1;1;0;1;1;1;1;0;0;1;"No Trouble Found.";0;""
336;"SMC-P05 R14";110119;"30N005002094";"Shipping Station";"2019-11-01 13:08:34";"2019-11-05 09:11:00";"2019-11-05 12:07:40";"2019-11-06 13:28:49";"2019-11-07 09:24:08";"2019-11-07 15:35:50";"PASS";"";"";1;1;0;1;1;1;1;0;0;1;"No Trouble Found.";0;""
337;"SMC-P05 R14";110119;"30N005002060";"Shipping Station";"2019-11-01 13:08:40";"2019-11-05 09:11:09";"2019-11-05 12:07:40";"2019-11-06 13:29:08";"2019-11-07 09:23:46";"2019-11-07 15:35:57";"PASS";"";"";1;1;0;1;1;1;1;0;0;1;"No Trouble Found.";0;""
338;"SMC-P05 R14";110119;"30N005002148";"Shipping Station";"2019-11-01 13:08:41";"2019-11-05 09:11:10";"2019-11-05 12:07:40";"2019-11-06 13:29:07";"2019-11-07 09:23:49";"2019-11-07 15:35:58";"PASS";"";"";1;1;0;1;1;1;1;0;0;1;"No Trouble Found.";0;""
339;"SMC-P05 R14";110119;"30N005002477";"Shipping Station";"2019-11-01 13:08:42";"2019-11-05 09:11:10";"2019-11-05 12:07:40";"2019-11-06 13:29:07";"2019-11-07 09:23:50";"2019-11-07 15:35:58";"PASS";"";"";1;1;0;1;1;1;1;0;0;1;"No Trouble Found.";0;""
340;"SMC-P05 R14";110119;"30N005002172";"Shipping Station";"2019-11-01 13:08:43";"2019-11-05 09:11:11";"2019-11-05 12:07:40";"2019-11-06 13:29:06";"2019-11-07 09:23:51";"2019-11-07 15:35:59";"PASS";"";"";1;1;0;1;1;1;1;0;0;1;"No Trouble Found.";0;""
341;"SMC-P05 R14";110119;"30N005002134";"Shipping Station";"2019-11-01 13:08:45";"2019-11-05 09:11:11";"2019-11-05 12:07:40";"2019-11-06 13:29:06";"2019-11-07 09:23:51";"2019-11-07 15:36:00";"PASS";"";"";1;1;0;1;1;1;1;0;0;1;"No Trouble Found.";0;""
342;"SMC-P05 R14";110119;"30N005001896";"Shipping Station";"2019-11-01 13:08:47";"2019-11-05 09:11:12";"2019-11-05 12:07:40";"2019-11-06 13:29:05";"2019-11-07 09:23:52";"2019-11-07 15:36:00";"PASS";"";"";1;1;0;1;1;1;1;0;0;1;"No Trouble Found.";0;""
343;"SMC-P05 R14";110119;"30N005002001";"Shipping Station";"2019-11-01 13:08:48";"2019-11-05 09:11:12";"2019-11-05 12:07:40";"2019-11-06 13:29:04";"2019-11-07 09:23:52";"2019-11-07 15:36:01";"PASS";"";"";1;1;0;1;1;1;1;0;0;1;"No Trouble Found.";0;""
344;"SMC-P05 R14";110119;"30N005002485";"Shipping Station";"2019-11-01 13:08:49";"2019-11-05 09:11:13";"2019-11-05 12:07:40";"2019-11-06 13:29:03";"2019-11-07 09:23:53";"2019-11-07 15:36:01";"PASS";"";"";1;1;0;1;1;1;1;0;0;1;"No Trouble Found.";0;""
345;"SMC-P05 R14";110119;"30N005001921";"Shipping Station";"2019-11-01 13:08:50";"2019-11-05 09:11:13";"2019-11-05 12:07:40";"2019-11-06 13:29:02";"2019-11-07 09:23:54";"2019-11-07 15:36:02";"PASS";"";"";1;1;0;1;1;1;1;0;0;1;"No Trouble Found.";0;""
346;"SMC-P05 R14";110119;"30N005002266";"Shipping Station";"2019-11-01 13:08:51";"2019-11-05 09:11:14";"2019-11-05 12:07:40";"2019-11-06 13:29:01";"2019-11-07 09:23:54";"2019-11-07 15:36:03";"PASS";"";"";1;1;0;1;1;1;1;0;0;1;"No Trouble Found.";0;""
347;"SMC-P05 R14";110119;"30N005001798";"Shipping Station";"2019-11-01 13:08:52";"2019-11-05 09:11:14";"2019-11-05 12:07:40";"2019-11-06 13:29:00";"2019-11-07 09:23:54";"2019-11-07 15:36:03";"PASS";"";"";1;1;0;1;1;1;1;0;0;1;"No Trouble Found.";0;""
348;"SMC-P05 R14";110119;"30N005001986";"Shipping Station";"2019-11-01 13:08:53";"2019-11-05 09:11:15";"2019-11-05 12:07:40";"2019-11-06 13:28:59";"2019-11-07 09:23:55";"2019-11-07 15:36:04";"PASS";"";"";1;1;0;1;1;1;1;0;0;1;"No Trouble Found.";0;""
349;"SMC-P05 R14";110119;"30N005002442";"Shipping Station";"2019-11-01 13:08:54";"2019-11-05 09:11:15";"2019-11-05 12:07:40";"2019-11-06 13:28:58";"2019-11-07 09:23:55";"2019-11-07 15:36:04";"PASS";"";"";1;1;0;1;1;1;1;0;0;1;"No Trouble Found.";0;""
350;"SMC-P05 R14";110119;"30N005002005";"Shipping Station";"2019-11-01 13:08:55";"2019-11-05 09:11:16";"2019-11-05 12:07:40";"2019-11-06 13:28:57";"2019-11-07 09:23:56";"2019-11-07 15:36:05";"PASS";"";"";1;1;0;1;1;1;1;0;0;1;"No Trouble Found.";0;""
351;"SMC-P05 R14";110119;"30N005001988";"Shipping Station";"2019-11-01 13:08:55";"2019-11-05 09:11:17";"2019-11-05 12:07:40";"2019-11-06 13:28:57";"2019-11-07 09:23:56";"2019-11-07 15:36:05";"PASS";"";"";1;1;0;1;1;1;1;0;0;1;"No Trouble Found.";0;""
352;"SMC-P05 R14";110119;"30N005002319";"Shipping Station";"2019-11-01 13:08:56";"2019-11-05 09:11:18";"2019-11-05 12:07:40";"2019-11-06 13:28:56";"2019-11-07 09:23:57";"2019-11-07 15:36:06";"PASS";"";"";1;1;0;1;1;1;1;0;0;1;"No Trouble Found.";0;""
353;"SMC-P05 R14";110119;"30N005001806";"Shipping Station";"2019-11-01 13:08:57";"2019-11-05 09:11:18";"2019-11-05 12:07:40";"2019-11-06 13:28:56";"2019-11-07 09:23:57";"2019-11-07 15:36:07";"PASS";"";"";1;1;0;1;1;1;1;0;0;1;"No Trouble Found.";0;""
354;"SMC-P05 R14";110119;"30N005002417";"Shipping Station";"2019-11-01 13:08:58";"2019-11-05 09:11:19";"2019-11-05 12:07:40";"2019-11-06 13:28:55";"2019-11-07 09:23:58";"2019-11-07 15:36:08";"PASS";"";"";1;1;0;1;1;1;1;0;0;1;"No Trouble Found.";0;""
355;"SMC-P05 R14";110119;"30N005002108";"Shipping Station";"2019-11-01 13:08:58";"2019-11-05 09:11:19";"2019-11-05 12:07:40";"2019-11-06 13:28:55";"2019-11-07 09:23:58";"2019-11-07 15:36:08";"PASS";"";"";1;1;0;1;1;1;1;0;0;1;"No Trouble Found.";0;""
356;"SMC-P05 R14";110119;"30N005002022";"Shipping Station";"2019-11-01 13:09:00";"2019-11-05 09:11:20";"2019-11-05 12:07:40";"2019-11-06 13:28:54";"2019-11-07 09:23:59";"2019-11-07 15:36:09";"PASS";"";"";1;1;0;1;1;1;1;0;0;1;"No Trouble Found.";0;""
357;"SMC-P04W R16";110619;"30N004000134";"Receiving Station";"2019-11-06 13:48:27";"";"";"";"";"";"";"";"";1;0;0;0;0;0;0;0;0;0;"";1;"2019-11-18 14:51:21"
358;"SMC-P04W R16";110619;"30N004000342";"Receiving Station";"2019-11-06 13:48:28";"";"";"";"";"";"";"";"";1;0;0;0;0;0;0;0;0;0;"";1;"2019-11-18 14:51:23"
359;"SMC-P04W R16";110619;"30N004000289";"Receiving Station";"2019-11-06 13:48:29";"";"";"";"";"";"";"";"";1;0;0;0;0;0;0;0;0;0;"";1;"2019-11-18 14:51:24"
360;"SMC-P04W R16";110619;"30N004000123";"Receiving Station";"2019-11-06 13:48:29";"";"";"";"";"";"";"";"";1;0;0;0;0;0;0;0;0;0;"";1;"2019-11-18 14:51:25"
361;"SMC-P04W R16";110619;"30N004000015";"Receiving Station";"2019-11-06 13:48:30";"";"";"";"";"";"";"";"";1;0;0;0;0;0;0;0;0;0;"";1;"2019-11-18 14:51:25"
362;"SMC-P04W R16";110619;"30N004000379";"Receiving Station";"2019-11-06 13:48:31";"";"";"";"";"";"";"";"";1;0;0;0;0;0;0;0;0;0;"";1;"2019-11-18 14:51:26"
363;"SMC-P04W R16";110619;"30N004000071";"Receiving Station";"2019-11-06 13:48:32";"";"";"";"";"";"";"";"";1;0;0;0;0;0;0;0;0;0;"";1;"2019-11-18 14:51:26"
364;"SMC-P04W R16";110619;"30N004000077";"Receiving Station";"2019-11-06 13:48:33";"";"";"";"";"";"";"";"";1;0;0;0;0;0;0;0;0;0;"";1;"2019-11-18 14:51:27"
365;"SMC-P04W R16";110619;"30N004000040";"Receiving Station";"2019-11-06 13:48:34";"";"";"";"";"";"";"";"";1;0;0;0;0;0;0;0;0;0;"";1;"2019-11-18 14:51:28"
366;"SMC-P04W R16";110619;"30N004000089";"Receiving Station";"2019-11-06 13:48:36";"";"";"";"";"";"";"";"";1;0;0;0;0;0;0;0;0;0;"";1;"2019-11-18 14:51:32"
367;"SMC-P04W R16";110619;"30N004000034";"Receiving Station";"2019-11-06 13:48:37";"";"";"";"";"";"";"";"";1;0;0;0;0;0;0;0;0;0;"";1;"2019-11-18 14:51:31"
368;"SMC-P04W R16";110619;"30N004000117";"Receiving Station";"2019-11-06 13:48:37";"";"";"";"";"";"";"";"";1;0;0;0;0;0;0;0;0;0;"";1;"2019-11-18 14:51:31"
369;"SMC-P04W R16";110619;"30N004000269";"Receiving Station";"2019-11-06 13:48:38";"";"";"";"";"";"";"";"";1;0;0;0;0;0;0;0;0;0;"";1;"2019-11-18 14:51:30"
370;"SMC-P04W R16";110619;"30N004000018";"Receiving Station";"2019-11-06 13:48:39";"";"";"";"";"";"";"";"";1;0;0;0;0;0;0;0;0;0;"";1;"2019-11-18 14:51:30"
371;"SMC-P04W R16";110619;"30N004000017";"Receiving Station";"2019-11-06 13:48:40";"";"";"";"";"";"";"";"";1;0;0;0;0;0;0;0;0;0;"";1;"2019-11-18 14:51:29"
372;"SMC-P04W R16";110619;"30N004000331";"Receiving Station";"2019-11-06 13:48:41";"";"";"";"";"";"";"";"";1;0;0;0;0;0;0;0;0;0;"";1;"2019-11-18 14:51:29"
373;"SMC-P04W R16";110619;"30N004000057";"Receiving Station";"2019-11-06 13:48:42";"";"";"";"";"";"";"";"";1;0;0;0;0;0;0;0;0;0;"";1;"2019-11-18 14:51:28"
374;"SMC-P04W R16";110619;"30N004000011";"Receiving Station";"2019-11-06 13:48:43";"";"";"";"";"";"";"";"";1;0;0;0;0;0;0;0;0;0;"";1;"2019-11-18 14:51:39"
375;"SMC-P04W R16";110619;"30N004000286";"Receiving Station";"2019-11-06 13:48:44";"";"";"";"";"";"";"";"";1;0;0;0;0;0;0;0;0;0;"";1;"2019-11-18 14:51:38"
376;"SMC-P04W R16";110619;"30N004000315";"Receiving Station";"2019-11-06 13:48:44";"";"";"";"";"";"";"";"";1;0;0;0;0;0;0;0;0;0;"";1;"2019-11-18 14:51:37"
377;"SMC-P04W R16";110619;"30N004000207";"Receiving Station";"2019-11-06 13:48:45";"";"";"";"";"";"";"";"";1;0;0;0;0;0;0;0;0;0;"";1;"2019-11-18 14:51:36"
378;"SMC-P04W R16";110619;"30N004000201";"Receiving Station";"2019-11-06 13:48:46";"";"";"";"";"";"";"";"";1;0;0;0;0;0;0;0;0;0;"";1;"2019-11-18 14:51:35"
379;"SMC-P04W R16";110619;"30N004000161";"Receiving Station";"2019-11-06 13:48:47";"";"";"";"";"";"";"";"";1;0;0;0;0;0;0;0;0;0;"";1;"2019-11-18 14:51:35"
380;"SMC-P04W R16";110619;"30N004000076";"Receiving Station";"2019-11-06 13:48:48";"";"";"";"";"";"";"";"";1;0;0;0;0;0;0;0;0;0;"";1;"2019-11-18 14:51:34"
381;"SMC-P04W R16";110619;"30N004000148";"Receiving Station";"2019-11-06 13:48:49";"";"";"";"";"";"";"";"";1;0;0;0;0;0;0;0;0;0;"";1;"2019-11-18 14:51:33"
382;"SMC-P04W R17";112519;"30N004000957";"Receiving Station";"2019-11-25 10:14:08";"";"";"";"";"";"";"";"";1;0;0;0;0;0;0;0;0;0;"";0;""
